venue,cat,name,venues,qty,current,pct_target,new,actual_pct,extra_unit,extra_rev,net_after_load,guest
Kebab King Карла,Шаурма,Шаурма Стандарт с курицей,Kebab King Карла,321.0,310,5,330,6.45,20,6420.0,5457.0,True
Kebab King Карла,Шаурма,Шаурма Большая со свининой,Kebab King Карла,174.0,360,5,380,5.56,20,3480.0,2958.0,True
Kebab King Карла,Шаурма,Шаурма Большая с курицей,Kebab King Карла,166.0,360,5,380,5.56,20,3320.0,2822.0,True
Kebab King Карла,Шаурма,Шаурма Стандарт со свининой,Kebab King Карла,184.0,310,5,330,6.45,20,3680.0,3128.0,True
Kebab King Карла,Шаурма,Шаурма Мини с курицей,Kebab King Карла,168.0,250,5,260,4.0,10,1680.0,1428.0,True
Kebab King Карла,Закуски и гарниры,Картофель фри,Kebab King Карла,235.0,170,5,180,5.88,10,2350.0,1997.5,True
Kebab King Карла,Шаурма,Шаурма Мини со свининой,Kebab King Карла,91.0,250,5,260,4.0,10,910.0,773.5,True
Kebab King Карла,Бургеры и сэндвичи,Чикенбургер,Kebab King Карла,66.0,330,5,350,6.06,20,1320.0,1122.0,True
Kebab King Карла,Бургеры и сэндвичи,Чизбургер,Kebab King Карла,50.0,370,5,390,5.41,20,1000.0,850.0,True
Kebab King Карла,Бургеры и сэндвичи,Гамбургер,Kebab King Карла,56.0,310,5,330,6.45,20,1120.0,952.0,True
Kebab King Карла,Шаурма,Шаурма в Пите с курицей,Kebab King Карла,43.0,370,5,390,5.41,20,860.0,731.0,True
Kebab King Карла,Роллы и хот-доги,Френч-Дог,Kebab King Карла,34.0,250,5,260,4.0,10,340.0,289.0,True
Kebab King Карла,Бургеры и сэндвичи,Кебаб Бургер,Kebab King Карла,21.0,390,5,410,5.13,20,420.0,357.0,True
Kebab King Карла,Роллы и хот-доги,Цезарь Ролл,Kebab King Карла,26.0,290,5,300,3.45,10,260.0,221.0,True
Kebab King Карла,Бургеры и сэндвичи,Двойной Чизбургер,Kebab King Карла,15.0,430,5,450,4.65,20,300.0,255.0,True
Kebab King Карла,Шаурма,Шаурма в Пите со свининой,Kebab King Карла,17.0,360,5,380,5.56,20,340.0,289.0,True
Kebab King Карла,Дип-Пот,Дип пот Сырный,Kebab King Карла,86.0,50,5,60,20.0,10,860.0,731.0,True
Kebab King Карла,Напитки КК,Кофе 3 в 1,Kebab King Карла,78.0,50,5,60,20.0,10,780.0,663.0,True
Kebab King Карла,Бургеры и сэндвичи,Панини Классика,Kebab King Карла,12.0,280,5,290,3.57,10,120.0,102.0,True
Kebab King Карла,Роллы и хот-доги,Хот-Дог,Kebab King Карла,13.0,240,5,250,4.17,10,130.0,110.5,True
Kebab King Карла,Бургеры и сэндвичи,Панини мясная с курицей,Kebab King Карла,9.0,340,5,360,5.88,20,180.0,153.0,True
Kebab King Карла,Чай бутилированный,Липтон черный 0.5,Kebab King Карла,19.0,150,5,160,6.67,10,190.0,161.5,True
Kebab King Карла,Закуски и гарниры,Крылышки 5шт,Kebab King Карла,8.0,340,5,360,5.88,20,160.0,136.0,True
Kebab King Карла,Чай бутилированный,Липтон зеленый 0.5,Kebab King Карла,17.0,150,5,160,6.67,10,170.0,144.5,True
Kebab King Карла,Закуски и гарниры,Луковые кольца 7шт,Kebab King Карла,16.0,150,5,160,6.67,10,160.0,136.0,True
Kebab King Карла,Напитки КК,Фреш Бар,Kebab King Карла,19.0,110,5,120,9.09,10,190.0,161.5,True
Kebab King Карла,Закуски и гарниры,Крылышки 3шт,Kebab King Карла,10.0,200,5,210,5.0,10,100.0,85.0,True
Kebab King Карла,Кола,Кола Classic 0.5,Kebab King Карла,18.0,100,5,110,10.0,10,180.0,153.0,True
Kebab King Карла,Напитки КК,Кофе черный,Kebab King Карла,33.0,40,5,50,25.0,10,330.0,280.5,True
Kebab King Карла,Соки,Сок любимый 1л,Kebab King Карла,6.0,210,5,220,4.76,10,60.0,51.0,True
Kebab King Карла,Энергетики,Энергетик Drive,Kebab King Карла,7.0,150,5,160,6.67,10,70.0,59.5,True
Kebab King Карла,Бургеры и сэндвичи,Панини мясная со свининой,Kebab King Карла,3.0,340,5,360,5.88,20,60.0,51.0,True
Kebab King Карла,Бургеры и сэндвичи,Бургер,Kebab King Карла,4.0,250,5,260,4.0,10,40.0,34.0,True
Kebab King Карла,Дип-Пот,Дип пот Кетчуп,Kebab King Карла,17.0,50,5,60,20.0,10,170.0,144.5,True
Kebab King Карла,Напитки КК,Чай,Kebab King Карла,27.0,30,5,40,33.33,10,270.0,229.5,True
Kebab King Карла,Дип-Пот,Дип пот Сливочно-чесночный,Kebab King Карла,14.0,50,5,60,20.0,10,140.0,119.0,True
Kebab King Карла,Вода,Вода Черноголовка 0.5,Kebab King Карла,7.0,70,5,80,14.29,10,70.0,59.5,True
Kebab King Карла,Соки,Сок Любимый Тропический микс 0.2,Kebab King Карла,7.0,70,5,80,14.29,10,70.0,59.5,True
Kebab King Карла,Дип-Пот,Дип пот Барбекю,Kebab King Карла,8.0,50,5,60,20.0,10,80.0,68.0,True
Kebab King Карла,Кола,Кола Литр Classic,Kebab King Карла,2.0,150,5,160,6.67,10,20.0,17.0,True
Kebab King Карла,Соки,Сок Любимый Яблоко 0.2,Kebab King Карла,4.0,70,5,80,14.29,10,40.0,34.0,True
Kebab King Карла,Шаурма,Шаурма Стандарт с курицей,Kebab King Карла,321.0,310,6,330,6.45,20,6420.0,5457.0,True
Kebab King Карла,Шаурма,Шаурма Большая со свининой,Kebab King Карла,174.0,360,6,380,5.56,20,3480.0,2958.0,True
Kebab King Карла,Шаурма,Шаурма Большая с курицей,Kebab King Карла,166.0,360,6,380,5.56,20,3320.0,2822.0,True
Kebab King Карла,Шаурма,Шаурма Стандарт со свининой,Kebab King Карла,184.0,310,6,330,6.45,20,3680.0,3128.0,True
Kebab King Карла,Шаурма,Шаурма Мини с курицей,Kebab King Карла,168.0,250,6,260,4.0,10,1680.0,1428.0,True
Kebab King Карла,Закуски и гарниры,Картофель фри,Kebab King Карла,235.0,170,6,180,5.88,10,2350.0,1997.5,True
Kebab King Карла,Шаурма,Шаурма Мини со свининой,Kebab King Карла,91.0,250,6,260,4.0,10,910.0,773.5,True
Kebab King Карла,Бургеры и сэндвичи,Чикенбургер,Kebab King Карла,66.0,330,6,350,6.06,20,1320.0,1122.0,True
Kebab King Карла,Бургеры и сэндвичи,Чизбургер,Kebab King Карла,50.0,370,6,390,5.41,20,1000.0,850.0,True
Kebab King Карла,Бургеры и сэндвичи,Гамбургер,Kebab King Карла,56.0,310,6,330,6.45,20,1120.0,952.0,True
Kebab King Карла,Шаурма,Шаурма в Пите с курицей,Kebab King Карла,43.0,370,6,390,5.41,20,860.0,731.0,True
Kebab King Карла,Роллы и хот-доги,Френч-Дог,Kebab King Карла,34.0,250,6,260,4.0,10,340.0,289.0,True
Kebab King Карла,Бургеры и сэндвичи,Кебаб Бургер,Kebab King Карла,21.0,390,6,410,5.13,20,420.0,357.0,True
Kebab King Карла,Роллы и хот-доги,Цезарь Ролл,Kebab King Карла,26.0,290,6,310,6.9,20,520.0,442.0,True
Kebab King Карла,Бургеры и сэндвичи,Двойной Чизбургер,Kebab King Карла,15.0,430,6,460,6.98,30,450.0,382.5,True
Kebab King Карла,Шаурма,Шаурма в Пите со свининой,Kebab King Карла,17.0,360,6,380,5.56,20,340.0,289.0,True
Kebab King Карла,Дип-Пот,Дип пот Сырный,Kebab King Карла,86.0,50,6,60,20.0,10,860.0,731.0,True
Kebab King Карла,Напитки КК,Кофе 3 в 1,Kebab King Карла,78.0,50,6,60,20.0,10,780.0,663.0,True
Kebab King Карла,Бургеры и сэндвичи,Панини Классика,Kebab King Карла,12.0,280,6,300,7.14,20,240.0,204.0,True
Kebab King Карла,Роллы и хот-доги,Хот-Дог,Kebab King Карла,13.0,240,6,250,4.17,10,130.0,110.5,True
Kebab King Карла,Бургеры и сэндвичи,Панини мясная с курицей,Kebab King Карла,9.0,340,6,360,5.88,20,180.0,153.0,True
Kebab King Карла,Чай бутилированный,Липтон черный 0.5,Kebab King Карла,19.0,150,6,160,6.67,10,190.0,161.5,True
Kebab King Карла,Закуски и гарниры,Крылышки 5шт,Kebab King Карла,8.0,340,6,360,5.88,20,160.0,136.0,True
Kebab King Карла,Чай бутилированный,Липтон зеленый 0.5,Kebab King Карла,17.0,150,6,160,6.67,10,170.0,144.5,True
Kebab King Карла,Закуски и гарниры,Луковые кольца 7шт,Kebab King Карла,16.0,150,6,160,6.67,10,160.0,136.0,True
Kebab King Карла,Напитки КК,Фреш Бар,Kebab King Карла,19.0,110,6,120,9.09,10,190.0,161.5,True
Kebab King Карла,Закуски и гарниры,Крылышки 3шт,Kebab King Карла,10.0,200,6,210,5.0,10,100.0,85.0,True
Kebab King Карла,Кола,Кола Classic 0.5,Kebab King Карла,18.0,100,6,110,10.0,10,180.0,153.0,True
Kebab King Карла,Напитки КК,Кофе черный,Kebab King Карла,33.0,40,6,50,25.0,10,330.0,280.5,True
Kebab King Карла,Соки,Сок любимый 1л,Kebab King Карла,6.0,210,6,220,4.76,10,60.0,51.0,True
Kebab King Карла,Энергетики,Энергетик Drive,Kebab King Карла,7.0,150,6,160,6.67,10,70.0,59.5,True
Kebab King Карла,Бургеры и сэндвичи,Панини мясная со свининой,Kebab King Карла,3.0,340,6,360,5.88,20,60.0,51.0,True
Kebab King Карла,Бургеры и сэндвичи,Бургер,Kebab King Карла,4.0,250,6,260,4.0,10,40.0,34.0,True
Kebab King Карла,Дип-Пот,Дип пот Кетчуп,Kebab King Карла,17.0,50,6,60,20.0,10,170.0,144.5,True
Kebab King Карла,Напитки КК,Чай,Kebab King Карла,27.0,30,6,40,33.33,10,270.0,229.5,True
Kebab King Карла,Дип-Пот,Дип пот Сливочно-чесночный,Kebab King Карла,14.0,50,6,60,20.0,10,140.0,119.0,True
Kebab King Карла,Вода,Вода Черноголовка 0.5,Kebab King Карла,7.0,70,6,80,14.29,10,70.0,59.5,True
Kebab King Карла,Соки,Сок Любимый Тропический микс 0.2,Kebab King Карла,7.0,70,6,80,14.29,10,70.0,59.5,True
Kebab King Карла,Дип-Пот,Дип пот Барбекю,Kebab King Карла,8.0,50,6,60,20.0,10,80.0,68.0,True
Kebab King Карла,Кола,Кола Литр Classic,Kebab King Карла,2.0,150,6,160,6.67,10,20.0,17.0,True
Kebab King Карла,Соки,Сок Любимый Яблоко 0.2,Kebab King Карла,4.0,70,6,80,14.29,10,40.0,34.0,True
Kebab King Карла,Шаурма,Шаурма Стандарт с курицей,Kebab King Карла,321.0,310,7,330,6.45,20,6420.0,5457.0,True
Kebab King Карла,Шаурма,Шаурма Большая со свининой,Kebab King Карла,174.0,360,7,390,8.33,30,5220.0,4437.0,True
Kebab King Карла,Шаурма,Шаурма Большая с курицей,Kebab King Карла,166.0,360,7,390,8.33,30,4980.0,4233.0,True
Kebab King Карла,Шаурма,Шаурма Стандарт со свининой,Kebab King Карла,184.0,310,7,330,6.45,20,3680.0,3128.0,True
Kebab King Карла,Шаурма,Шаурма Мини с курицей,Kebab King Карла,168.0,250,7,270,8.0,20,3360.0,2856.0,True
Kebab King Карла,Закуски и гарниры,Картофель фри,Kebab King Карла,235.0,170,7,180,5.88,10,2350.0,1997.5,True
Kebab King Карла,Шаурма,Шаурма Мини со свининой,Kebab King Карла,91.0,250,7,270,8.0,20,1820.0,1547.0,True
Kebab King Карла,Бургеры и сэндвичи,Чикенбургер,Kebab King Карла,66.0,330,7,350,6.06,20,1320.0,1122.0,True
Kebab King Карла,Бургеры и сэндвичи,Чизбургер,Kebab King Карла,50.0,370,7,400,8.11,30,1500.0,1275.0,True
Kebab King Карла,Бургеры и сэндвичи,Гамбургер,Kebab King Карла,56.0,310,7,330,6.45,20,1120.0,952.0,True
Kebab King Карла,Шаурма,Шаурма в Пите с курицей,Kebab King Карла,43.0,370,7,400,8.11,30,1290.0,1096.5,True
Kebab King Карла,Роллы и хот-доги,Френч-Дог,Kebab King Карла,34.0,250,7,270,8.0,20,680.0,578.0,True
Kebab King Карла,Бургеры и сэндвичи,Кебаб Бургер,Kebab King Карла,21.0,390,7,420,7.69,30,630.0,535.5,True
Kebab King Карла,Роллы и хот-доги,Цезарь Ролл,Kebab King Карла,26.0,290,7,310,6.9,20,520.0,442.0,True
Kebab King Карла,Бургеры и сэндвичи,Двойной Чизбургер,Kebab King Карла,15.0,430,7,460,6.98,30,450.0,382.5,True
Kebab King Карла,Шаурма,Шаурма в Пите со свининой,Kebab King Карла,17.0,360,7,390,8.33,30,510.0,433.5,True
Kebab King Карла,Дип-Пот,Дип пот Сырный,Kebab King Карла,86.0,50,7,60,20.0,10,860.0,731.0,True
Kebab King Карла,Напитки КК,Кофе 3 в 1,Kebab King Карла,78.0,50,7,60,20.0,10,780.0,663.0,True
Kebab King Карла,Бургеры и сэндвичи,Панини Классика,Kebab King Карла,12.0,280,7,300,7.14,20,240.0,204.0,True
Kebab King Карла,Роллы и хот-доги,Хот-Дог,Kebab King Карла,13.0,240,7,260,8.33,20,260.0,221.0,True
Kebab King Карла,Бургеры и сэндвичи,Панини мясная с курицей,Kebab King Карла,9.0,340,7,360,5.88,20,180.0,153.0,True
Kebab King Карла,Чай бутилированный,Липтон черный 0.5,Kebab King Карла,19.0,150,7,160,6.67,10,190.0,161.5,True
Kebab King Карла,Закуски и гарниры,Крылышки 5шт,Kebab King Карла,8.0,340,7,360,5.88,20,160.0,136.0,True
Kebab King Карла,Чай бутилированный,Липтон зеленый 0.5,Kebab King Карла,17.0,150,7,160,6.67,10,170.0,144.5,True
Kebab King Карла,Закуски и гарниры,Луковые кольца 7шт,Kebab King Карла,16.0,150,7,160,6.67,10,160.0,136.0,True
Kebab King Карла,Напитки КК,Фреш Бар,Kebab King Карла,19.0,110,7,120,9.09,10,190.0,161.5,True
Kebab King Карла,Закуски и гарниры,Крылышки 3шт,Kebab King Карла,10.0,200,7,210,5.0,10,100.0,85.0,True
Kebab King Карла,Кола,Кола Classic 0.5,Kebab King Карла,18.0,100,7,110,10.0,10,180.0,153.0,True
Kebab King Карла,Напитки КК,Кофе черный,Kebab King Карла,33.0,40,7,50,25.0,10,330.0,280.5,True
Kebab King Карла,Соки,Сок любимый 1л,Kebab King Карла,6.0,210,7,220,4.76,10,60.0,51.0,True
Kebab King Карла,Энергетики,Энергетик Drive,Kebab King Карла,7.0,150,7,160,6.67,10,70.0,59.5,True
Kebab King Карла,Бургеры и сэндвичи,Панини мясная со свининой,Kebab King Карла,3.0,340,7,360,5.88,20,60.0,51.0,True
Kebab King Карла,Бургеры и сэндвичи,Бургер,Kebab King Карла,4.0,250,7,270,8.0,20,80.0,68.0,True
Kebab King Карла,Дип-Пот,Дип пот Кетчуп,Kebab King Карла,17.0,50,7,60,20.0,10,170.0,144.5,True
Kebab King Карла,Напитки КК,Чай,Kebab King Карла,27.0,30,7,40,33.33,10,270.0,229.5,True
Kebab King Карла,Дип-Пот,Дип пот Сливочно-чесночный,Kebab King Карла,14.0,50,7,60,20.0,10,140.0,119.0,True
Kebab King Карла,Вода,Вода Черноголовка 0.5,Kebab King Карла,7.0,70,7,80,14.29,10,70.0,59.5,True
Kebab King Карла,Соки,Сок Любимый Тропический микс 0.2,Kebab King Карла,7.0,70,7,80,14.29,10,70.0,59.5,True
Kebab King Карла,Дип-Пот,Дип пот Барбекю,Kebab King Карла,8.0,50,7,60,20.0,10,80.0,68.0,True
Kebab King Карла,Кола,Кола Литр Classic,Kebab King Карла,2.0,150,7,160,6.67,10,20.0,17.0,True
Kebab King Карла,Соки,Сок Любимый Яблоко 0.2,Kebab King Карла,4.0,70,7,80,14.29,10,40.0,34.0,True
Kebab King Карла,Шаурма,Шаурма Стандарт с курицей,Kebab King Карла,321.0,310,8,330,6.45,20,6420.0,5457.0,True
Kebab King Карла,Шаурма,Шаурма Большая со свининой,Kebab King Карла,174.0,360,8,390,8.33,30,5220.0,4437.0,True
Kebab King Карла,Шаурма,Шаурма Большая с курицей,Kebab King Карла,166.0,360,8,390,8.33,30,4980.0,4233.0,True
Kebab King Карла,Шаурма,Шаурма Стандарт со свининой,Kebab King Карла,184.0,310,8,330,6.45,20,3680.0,3128.0,True
Kebab King Карла,Шаурма,Шаурма Мини с курицей,Kebab King Карла,168.0,250,8,270,8.0,20,3360.0,2856.0,True
Kebab King Карла,Закуски и гарниры,Картофель фри,Kebab King Карла,235.0,170,8,180,5.88,10,2350.0,1997.5,True
Kebab King Карла,Шаурма,Шаурма Мини со свининой,Kebab King Карла,91.0,250,8,270,8.0,20,1820.0,1547.0,True
Kebab King Карла,Бургеры и сэндвичи,Чикенбургер,Kebab King Карла,66.0,330,8,360,9.09,30,1980.0,1683.0,True
Kebab King Карла,Бургеры и сэндвичи,Чизбургер,Kebab King Карла,50.0,370,8,400,8.11,30,1500.0,1275.0,True
Kebab King Карла,Бургеры и сэндвичи,Гамбургер,Kebab King Карла,56.0,310,8,330,6.45,20,1120.0,952.0,True
Kebab King Карла,Шаурма,Шаурма в Пите с курицей,Kebab King Карла,43.0,370,8,400,8.11,30,1290.0,1096.5,True
Kebab King Карла,Роллы и хот-доги,Френч-Дог,Kebab King Карла,34.0,250,8,270,8.0,20,680.0,578.0,True
Kebab King Карла,Бургеры и сэндвичи,Кебаб Бургер,Kebab King Карла,21.0,390,8,420,7.69,30,630.0,535.5,True
Kebab King Карла,Роллы и хот-доги,Цезарь Ролл,Kebab King Карла,26.0,290,8,310,6.9,20,520.0,442.0,True
Kebab King Карла,Бургеры и сэндвичи,Двойной Чизбургер,Kebab King Карла,15.0,430,8,460,6.98,30,450.0,382.5,True
Kebab King Карла,Шаурма,Шаурма в Пите со свининой,Kebab King Карла,17.0,360,8,390,8.33,30,510.0,433.5,True
Kebab King Карла,Дип-Пот,Дип пот Сырный,Kebab King Карла,86.0,50,8,60,20.0,10,860.0,731.0,True
Kebab King Карла,Напитки КК,Кофе 3 в 1,Kebab King Карла,78.0,50,8,60,20.0,10,780.0,663.0,True
Kebab King Карла,Бургеры и сэндвичи,Панини Классика,Kebab King Карла,12.0,280,8,300,7.14,20,240.0,204.0,True
Kebab King Карла,Роллы и хот-доги,Хот-Дог,Kebab King Карла,13.0,240,8,260,8.33,20,260.0,221.0,True
Kebab King Карла,Бургеры и сэндвичи,Панини мясная с курицей,Kebab King Карла,9.0,340,8,370,8.82,30,270.0,229.5,True
Kebab King Карла,Чай бутилированный,Липтон черный 0.5,Kebab King Карла,19.0,150,8,160,6.67,10,190.0,161.5,True
Kebab King Карла,Закуски и гарниры,Крылышки 5шт,Kebab King Карла,8.0,340,8,370,8.82,30,240.0,204.0,True
Kebab King Карла,Чай бутилированный,Липтон зеленый 0.5,Kebab King Карла,17.0,150,8,160,6.67,10,170.0,144.5,True
Kebab King Карла,Закуски и гарниры,Луковые кольца 7шт,Kebab King Карла,16.0,150,8,160,6.67,10,160.0,136.0,True
Kebab King Карла,Напитки КК,Фреш Бар,Kebab King Карла,19.0,110,8,120,9.09,10,190.0,161.5,True
Kebab King Карла,Закуски и гарниры,Крылышки 3шт,Kebab King Карла,10.0,200,8,220,10.0,20,200.0,170.0,True
Kebab King Карла,Кола,Кола Classic 0.5,Kebab King Карла,18.0,100,8,110,10.0,10,180.0,153.0,True
Kebab King Карла,Напитки КК,Кофе черный,Kebab King Карла,33.0,40,8,50,25.0,10,330.0,280.5,True
Kebab King Карла,Соки,Сок любимый 1л,Kebab King Карла,6.0,210,8,230,9.52,20,120.0,102.0,True
Kebab King Карла,Энергетики,Энергетик Drive,Kebab King Карла,7.0,150,8,160,6.67,10,70.0,59.5,True
Kebab King Карла,Бургеры и сэндвичи,Панини мясная со свининой,Kebab King Карла,3.0,340,8,370,8.82,30,90.0,76.5,True
Kebab King Карла,Бургеры и сэндвичи,Бургер,Kebab King Карла,4.0,250,8,270,8.0,20,80.0,68.0,True
Kebab King Карла,Дип-Пот,Дип пот Кетчуп,Kebab King Карла,17.0,50,8,60,20.0,10,170.0,144.5,True
Kebab King Карла,Напитки КК,Чай,Kebab King Карла,27.0,30,8,40,33.33,10,270.0,229.5,True
Kebab King Карла,Дип-Пот,Дип пот Сливочно-чесночный,Kebab King Карла,14.0,50,8,60,20.0,10,140.0,119.0,True
Kebab King Карла,Вода,Вода Черноголовка 0.5,Kebab King Карла,7.0,70,8,80,14.29,10,70.0,59.5,True
Kebab King Карла,Соки,Сок Любимый Тропический микс 0.2,Kebab King Карла,7.0,70,8,80,14.29,10,70.0,59.5,True
Kebab King Карла,Дип-Пот,Дип пот Барбекю,Kebab King Карла,8.0,50,8,60,20.0,10,80.0,68.0,True
Kebab King Карла,Кола,Кола Литр Classic,Kebab King Карла,2.0,150,8,160,6.67,10,20.0,17.0,True
Kebab King Карла,Соки,Сок Любимый Яблоко 0.2,Kebab King Карла,4.0,70,8,80,14.29,10,40.0,34.0,True
Kebab King Карла,Шаурма,Шаурма Стандарт с курицей,Kebab King Карла,321.0,310,9,340,9.68,30,9630.0,8185.5,True
Kebab King Карла,Шаурма,Шаурма Большая со свининой,Kebab King Карла,174.0,360,9,390,8.33,30,5220.0,4437.0,True
Kebab King Карла,Шаурма,Шаурма Большая с курицей,Kebab King Карла,166.0,360,9,390,8.33,30,4980.0,4233.0,True
Kebab King Карла,Шаурма,Шаурма Стандарт со свининой,Kebab King Карла,184.0,310,9,340,9.68,30,5520.0,4692.0,True
Kebab King Карла,Шаурма,Шаурма Мини с курицей,Kebab King Карла,168.0,250,9,270,8.0,20,3360.0,2856.0,True
Kebab King Карла,Закуски и гарниры,Картофель фри,Kebab King Карла,235.0,170,9,190,11.76,20,4700.0,3995.0,True
Kebab King Карла,Шаурма,Шаурма Мини со свининой,Kebab King Карла,91.0,250,9,270,8.0,20,1820.0,1547.0,True
Kebab King Карла,Бургеры и сэндвичи,Чикенбургер,Kebab King Карла,66.0,330,9,360,9.09,30,1980.0,1683.0,True
Kebab King Карла,Бургеры и сэндвичи,Чизбургер,Kebab King Карла,50.0,370,9,400,8.11,30,1500.0,1275.0,True
Kebab King Карла,Бургеры и сэндвичи,Гамбургер,Kebab King Карла,56.0,310,9,340,9.68,30,1680.0,1428.0,True
Kebab King Карла,Шаурма,Шаурма в Пите с курицей,Kebab King Карла,43.0,370,9,400,8.11,30,1290.0,1096.5,True
Kebab King Карла,Роллы и хот-доги,Френч-Дог,Kebab King Карла,34.0,250,9,270,8.0,20,680.0,578.0,True
Kebab King Карла,Бургеры и сэндвичи,Кебаб Бургер,Kebab King Карла,21.0,390,9,430,10.26,40,840.0,714.0,True
Kebab King Карла,Роллы и хот-доги,Цезарь Ролл,Kebab King Карла,26.0,290,9,320,10.34,30,780.0,663.0,True
Kebab King Карла,Бургеры и сэндвичи,Двойной Чизбургер,Kebab King Карла,15.0,430,9,470,9.3,40,600.0,510.0,True
Kebab King Карла,Шаурма,Шаурма в Пите со свининой,Kebab King Карла,17.0,360,9,390,8.33,30,510.0,433.5,True
Kebab King Карла,Дип-Пот,Дип пот Сырный,Kebab King Карла,86.0,50,9,60,20.0,10,860.0,731.0,True
Kebab King Карла,Напитки КК,Кофе 3 в 1,Kebab King Карла,78.0,50,9,60,20.0,10,780.0,663.0,True
Kebab King Карла,Бургеры и сэндвичи,Панини Классика,Kebab King Карла,12.0,280,9,310,10.71,30,360.0,306.0,True
Kebab King Карла,Роллы и хот-доги,Хот-Дог,Kebab King Карла,13.0,240,9,260,8.33,20,260.0,221.0,True
Kebab King Карла,Бургеры и сэндвичи,Панини мясная с курицей,Kebab King Карла,9.0,340,9,370,8.82,30,270.0,229.5,True
Kebab King Карла,Чай бутилированный,Липтон черный 0.5,Kebab King Карла,19.0,150,9,160,6.67,10,190.0,161.5,True
Kebab King Карла,Закуски и гарниры,Крылышки 5шт,Kebab King Карла,8.0,340,9,370,8.82,30,240.0,204.0,True
Kebab King Карла,Чай бутилированный,Липтон зеленый 0.5,Kebab King Карла,17.0,150,9,160,6.67,10,170.0,144.5,True
Kebab King Карла,Закуски и гарниры,Луковые кольца 7шт,Kebab King Карла,16.0,150,9,160,6.67,10,160.0,136.0,True
Kebab King Карла,Напитки КК,Фреш Бар,Kebab King Карла,19.0,110,9,120,9.09,10,190.0,161.5,True
Kebab King Карла,Закуски и гарниры,Крылышки 3шт,Kebab King Карла,10.0,200,9,220,10.0,20,200.0,170.0,True
Kebab King Карла,Кола,Кола Classic 0.5,Kebab King Карла,18.0,100,9,110,10.0,10,180.0,153.0,True
Kebab King Карла,Напитки КК,Кофе черный,Kebab King Карла,33.0,40,9,50,25.0,10,330.0,280.5,True
Kebab King Карла,Соки,Сок любимый 1л,Kebab King Карла,6.0,210,9,230,9.52,20,120.0,102.0,True
Kebab King Карла,Энергетики,Энергетик Drive,Kebab King Карла,7.0,150,9,160,6.67,10,70.0,59.5,True
Kebab King Карла,Бургеры и сэндвичи,Панини мясная со свининой,Kebab King Карла,3.0,340,9,370,8.82,30,90.0,76.5,True
Kebab King Карла,Бургеры и сэндвичи,Бургер,Kebab King Карла,4.0,250,9,270,8.0,20,80.0,68.0,True
Kebab King Карла,Дип-Пот,Дип пот Кетчуп,Kebab King Карла,17.0,50,9,60,20.0,10,170.0,144.5,True
Kebab King Карла,Напитки КК,Чай,Kebab King Карла,27.0,30,9,40,33.33,10,270.0,229.5,True
Kebab King Карла,Дип-Пот,Дип пот Сливочно-чесночный,Kebab King Карла,14.0,50,9,60,20.0,10,140.0,119.0,True
Kebab King Карла,Вода,Вода Черноголовка 0.5,Kebab King Карла,7.0,70,9,80,14.29,10,70.0,59.5,True
Kebab King Карла,Соки,Сок Любимый Тропический микс 0.2,Kebab King Карла,7.0,70,9,80,14.29,10,70.0,59.5,True
Kebab King Карла,Дип-Пот,Дип пот Барбекю,Kebab King Карла,8.0,50,9,60,20.0,10,80.0,68.0,True
Kebab King Карла,Кола,Кола Литр Classic,Kebab King Карла,2.0,150,9,160,6.67,10,20.0,17.0,True
Kebab King Карла,Соки,Сок Любимый Яблоко 0.2,Kebab King Карла,4.0,70,9,80,14.29,10,40.0,34.0,True
Kebab King Карла,Шаурма,Шаурма Стандарт с курицей,Kebab King Карла,321.0,310,10,340,9.68,30,9630.0,8185.5,True
Kebab King Карла,Шаурма,Шаурма Большая со свининой,Kebab King Карла,174.0,360,10,400,11.11,40,6960.0,5916.0,True
Kebab King Карла,Шаурма,Шаурма Большая с курицей,Kebab King Карла,166.0,360,10,400,11.11,40,6640.0,5644.0,True
Kebab King Карла,Шаурма,Шаурма Стандарт со свининой,Kebab King Карла,184.0,310,10,340,9.68,30,5520.0,4692.0,True
Kebab King Карла,Шаурма,Шаурма Мини с курицей,Kebab King Карла,168.0,250,10,280,12.0,30,5040.0,4284.0,True
Kebab King Карла,Закуски и гарниры,Картофель фри,Kebab King Карла,235.0,170,10,190,11.76,20,4700.0,3995.0,True
Kebab King Карла,Шаурма,Шаурма Мини со свининой,Kebab King Карла,91.0,250,10,280,12.0,30,2730.0,2320.5,True
Kebab King Карла,Бургеры и сэндвичи,Чикенбургер,Kebab King Карла,66.0,330,10,360,9.09,30,1980.0,1683.0,True
Kebab King Карла,Бургеры и сэндвичи,Чизбургер,Kebab King Карла,50.0,370,10,410,10.81,40,2000.0,1700.0,True
Kebab King Карла,Бургеры и сэндвичи,Гамбургер,Kebab King Карла,56.0,310,10,340,9.68,30,1680.0,1428.0,True
Kebab King Карла,Шаурма,Шаурма в Пите с курицей,Kebab King Карла,43.0,370,10,410,10.81,40,1720.0,1462.0,True
Kebab King Карла,Роллы и хот-доги,Френч-Дог,Kebab King Карла,34.0,250,10,280,12.0,30,1020.0,867.0,True
Kebab King Карла,Бургеры и сэндвичи,Кебаб Бургер,Kebab King Карла,21.0,390,10,430,10.26,40,840.0,714.0,True
Kebab King Карла,Роллы и хот-доги,Цезарь Ролл,Kebab King Карла,26.0,290,10,320,10.34,30,780.0,663.0,True
Kebab King Карла,Бургеры и сэндвичи,Двойной Чизбургер,Kebab King Карла,15.0,430,10,470,9.3,40,600.0,510.0,True
Kebab King Карла,Шаурма,Шаурма в Пите со свининой,Kebab King Карла,17.0,360,10,400,11.11,40,680.0,578.0,True
Kebab King Карла,Дип-Пот,Дип пот Сырный,Kebab King Карла,86.0,50,10,60,20.0,10,860.0,731.0,True
Kebab King Карла,Напитки КК,Кофе 3 в 1,Kebab King Карла,78.0,50,10,60,20.0,10,780.0,663.0,True
Kebab King Карла,Бургеры и сэндвичи,Панини Классика,Kebab King Карла,12.0,280,10,310,10.71,30,360.0,306.0,True
Kebab King Карла,Роллы и хот-доги,Хот-Дог,Kebab King Карла,13.0,240,10,260,8.33,20,260.0,221.0,True
Kebab King Карла,Бургеры и сэндвичи,Панини мясная с курицей,Kebab King Карла,9.0,340,10,370,8.82,30,270.0,229.5,True
Kebab King Карла,Чай бутилированный,Липтон черный 0.5,Kebab King Карла,19.0,150,10,160,6.67,10,190.0,161.5,True
Kebab King Карла,Закуски и гарниры,Крылышки 5шт,Kebab King Карла,8.0,340,10,370,8.82,30,240.0,204.0,True
Kebab King Карла,Чай бутилированный,Липтон зеленый 0.5,Kebab King Карла,17.0,150,10,160,6.67,10,170.0,144.5,True
Kebab King Карла,Закуски и гарниры,Луковые кольца 7шт,Kebab King Карла,16.0,150,10,160,6.67,10,160.0,136.0,True
Kebab King Карла,Напитки КК,Фреш Бар,Kebab King Карла,19.0,110,10,120,9.09,10,190.0,161.5,True
Kebab King Карла,Закуски и гарниры,Крылышки 3шт,Kebab King Карла,10.0,200,10,220,10.0,20,200.0,170.0,True
Kebab King Карла,Кола,Кола Classic 0.5,Kebab King Карла,18.0,100,10,110,10.0,10,180.0,153.0,True
Kebab King Карла,Напитки КК,Кофе черный,Kebab King Карла,33.0,40,10,50,25.0,10,330.0,280.5,True
Kebab King Карла,Соки,Сок любимый 1л,Kebab King Карла,6.0,210,10,230,9.52,20,120.0,102.0,True
Kebab King Карла,Энергетики,Энергетик Drive,Kebab King Карла,7.0,150,10,160,6.67,10,70.0,59.5,True
Kebab King Карла,Бургеры и сэндвичи,Панини мясная со свининой,Kebab King Карла,3.0,340,10,370,8.82,30,90.0,76.5,True
Kebab King Карла,Бургеры и сэндвичи,Бургер,Kebab King Карла,4.0,250,10,280,12.0,30,120.0,102.0,True
Kebab King Карла,Дип-Пот,Дип пот Кетчуп,Kebab King Карла,17.0,50,10,60,20.0,10,170.0,144.5,True
Kebab King Карла,Напитки КК,Чай,Kebab King Карла,27.0,30,10,40,33.33,10,270.0,229.5,True
Kebab King Карла,Дип-Пот,Дип пот Сливочно-чесночный,Kebab King Карла,14.0,50,10,60,20.0,10,140.0,119.0,True
Kebab King Карла,Вода,Вода Черноголовка 0.5,Kebab King Карла,7.0,70,10,80,14.29,10,70.0,59.5,True
Kebab King Карла,Соки,Сок Любимый Тропический микс 0.2,Kebab King Карла,7.0,70,10,80,14.29,10,70.0,59.5,True
Kebab King Карла,Дип-Пот,Дип пот Барбекю,Kebab King Карла,8.0,50,10,60,20.0,10,80.0,68.0,True
Kebab King Карла,Кола,Кола Литр Classic,Kebab King Карла,2.0,150,10,160,6.67,10,20.0,17.0,True
Kebab King Карла,Соки,Сок Любимый Яблоко 0.2,Kebab King Карла,4.0,70,10,80,14.29,10,40.0,34.0,True
Kebab King Октябрьская,Шаурма,Шаурма Стандарт с курицей,Kebab King Октябрьская,520.0,320,5,340,6.25,20,10400.0,8840.0,True
Kebab King Октябрьская,Шаурма,Шаурма Большая со свининой,Kebab King Октябрьская,339.0,360,5,380,5.56,20,6780.0,5763.0,True
Kebab King Октябрьская,Шаурма,Шаурма Большая с курицей,Kebab King Октябрьская,339.0,360,5,380,5.56,20,6780.0,5763.0,True
Kebab King Октябрьская,Шаурма,Шаурма Стандарт со свининой,Kebab King Октябрьская,266.0,310,5,330,6.45,20,5320.0,4522.0,True
Kebab King Октябрьская,Закуски и гарниры,Картофель фри,Kebab King Октябрьская,401.0,170,5,180,5.88,10,4010.0,3408.5,True
Kebab King Октябрьская,Шаурма,Шаурма Мини с курицей,Kebab King Октябрьская,262.0,250,5,260,4.0,10,2620.0,2227.0,True
Kebab King Октябрьская,Бургеры и сэндвичи,Чикенбургер,Kebab King Октябрьская,125.0,330,5,350,6.06,20,2500.0,2125.0,True
Kebab King Октябрьская,Бургеры и сэндвичи,Чизбургер,Kebab King Октябрьская,106.0,370,5,390,5.41,20,2120.0,1802.0,True
Kebab King Октябрьская,Бургеры и сэндвичи,Гамбургер,Kebab King Октябрьская,112.0,310,5,330,6.45,20,2240.0,1904.0,True
Kebab King Октябрьская,Шаурма,Шаурма Мини со свининой,Kebab King Октябрьская,131.0,250,5,260,4.0,10,1310.0,1113.5,True
Kebab King Октябрьская,Шаурма,Шаурма в Пите с курицей,Kebab King Октябрьская,73.0,370,5,390,5.41,20,1460.0,1241.0,True
Kebab King Октябрьская,Шаурма,Шаурма в Пите со свининой,Kebab King Октябрьская,54.0,370,5,390,5.41,20,1080.0,918.0,True
Kebab King Октябрьская,Роллы и хот-доги,Хот-Дог,Kebab King Октябрьская,82.0,240,5,250,4.17,10,820.0,697.0,True
Kebab King Октябрьская,Бургеры и сэндвичи,Двойной Чизбургер,Kebab King Октябрьская,45.0,430,5,450,4.65,20,900.0,765.0,True
Kebab King Октябрьская,Бургеры и сэндвичи,Кебаб Бургер,Kebab King Октябрьская,37.0,390,5,410,5.13,20,740.0,629.0,True
Kebab King Октябрьская,Роллы и хот-доги,Цезарь Ролл,Kebab King Октябрьская,46.0,290,5,300,3.45,10,460.0,391.0,True
Kebab King Октябрьская,Бургеры и сэндвичи,Панини Классика,Kebab King Октябрьская,39.0,280,5,290,3.57,10,390.0,331.5,True
Kebab King Октябрьская,Кола,Кола Classic 0.5,Kebab King Октябрьская,104.0,100,5,110,10.0,10,1040.0,884.0,True
Kebab King Октябрьская,Напитки КК,Фреш Бар,Kebab King Октябрьская,89.0,110,5,120,9.09,10,890.0,756.5,True
Kebab King Октябрьская,Бургеры и сэндвичи,Бургер,Kebab King Октябрьская,33.0,250,5,260,4.0,10,330.0,280.5,True
Kebab King Октябрьская,Роллы и хот-доги,Френч-Дог,Kebab King Октябрьская,30.0,250,5,260,4.0,10,300.0,255.0,True
Kebab King Октябрьская,Дип-Пот,Дип пот Сырный,Kebab King Октябрьская,143.0,50,5,60,20.0,10,1430.0,1215.5,True
Kebab King Октябрьская,Чай бутилированный,Липтон черный 0.5,Kebab King Октябрьская,46.0,150,5,160,6.67,10,460.0,391.0,True
Kebab King Октябрьская,Бургеры и сэндвичи,Панини мясная со свининой,Kebab King Октябрьская,20.0,340,5,360,5.88,20,400.0,340.0,True
Kebab King Октябрьская,Чай бутилированный,Липтон зеленый 0.5,Kebab King Октябрьская,43.0,150,5,160,6.67,10,430.0,365.5,True
Kebab King Октябрьская,Комбо-наборы,Комбо Шаурма стандарт,Kebab King Октябрьская,10.0,550,5,600,9.09,50,500.0,425.0,True
Kebab King Октябрьская,Закуски и гарниры,Крылышки 5шт,Kebab King Октябрьская,16.0,340,5,360,5.88,20,320.0,272.0,True
Kebab King Октябрьская,Бургеры и сэндвичи,Панини мясная с курицей,Kebab King Октябрьская,15.0,340,5,360,5.88,20,300.0,255.0,True
Kebab King Октябрьская,Кола,Кола Литр Classic,Kebab King Октябрьская,26.0,150,5,160,6.67,10,260.0,221.0,True
Kebab King Октябрьская,Закуски и гарниры,Луковые кольца 7шт,Kebab King Октябрьская,25.0,150,5,160,6.67,10,250.0,212.5,True
Kebab King Октябрьская,Энергетики,Энергетик Drive,Kebab King Октябрьская,25.0,150,5,160,6.67,10,250.0,212.5,True
Kebab King Октябрьская,Кофе в кофемашине,Кофе Капучино,Kebab King Октябрьская,36.0,100,5,110,10.0,10,360.0,306.0,True
Kebab King Октябрьская,Кофе в кофемашине,Кофе Латте,Kebab King Октябрьская,30.0,120,5,130,8.33,10,300.0,255.0,True
Kebab King Октябрьская,Закуски и гарниры,Крылышки 3шт,Kebab King Октябрьская,14.0,200,5,210,5.0,10,140.0,119.0,True
Kebab King Октябрьская,Дип-Пот,Дип пот Кетчуп,Kebab King Октябрьская,54.0,50,5,60,20.0,10,540.0,459.0,True
Kebab King Октябрьская,Напитки КК,Кофе 3 в 1,Kebab King Октябрьская,50.0,50,5,60,20.0,10,500.0,425.0,True
Kebab King Октябрьская,Вода,Вода Черноголовка 0.5,Kebab King Октябрьская,32.0,70,5,80,14.29,10,320.0,272.0,True
Kebab King Октябрьская,Напитки КК,Чай,Kebab King Октябрьская,64.0,30,5,40,33.33,10,640.0,544.0,True
Kebab King Октябрьская,Кофе в кофемашине,Кофе Американо,Kebab King Октябрьская,18.0,100,5,110,10.0,10,180.0,153.0,True
Kebab King Октябрьская,Соки,Сок Любимый Яблоко 0.2,Kebab King Октябрьская,20.0,70,5,80,14.29,10,200.0,170.0,True
Kebab King Октябрьская,Кола,Кола Два Литра Classic,Kebab King Октябрьская,6.0,210,5,220,4.76,10,60.0,51.0,True
Kebab King Октябрьская,Дип-Пот,Дип пот Сливочно-чесночный,Kebab King Октябрьская,17.0,50,5,60,20.0,10,170.0,144.5,True
Kebab King Октябрьская,Соки,Сок Любимый Тропический микс 0.2,Kebab King Октябрьская,11.0,70,5,80,14.29,10,110.0,93.5,True
Kebab King Октябрьская,Напитки КК,Кофе черный,Kebab King Октябрьская,19.0,40,5,50,25.0,10,190.0,161.5,True
Kebab King Октябрьская,Вода,Вода Черноголовка 1л,Kebab King Октябрьская,7.0,100,5,110,10.0,10,70.0,59.5,True
Kebab King Октябрьская,Дип-Пот,Дип пот Барбекю,Kebab King Октябрьская,13.0,50,5,60,20.0,10,130.0,110.5,True
Kebab King Октябрьская,Напитки КК,Согревающий чай,Kebab King Октябрьская,5.0,120,5,130,8.33,10,50.0,42.5,True
Kebab King Октябрьская,Дополнения,Халапенье (доп),Kebab King Октябрьская,3.0,80,5,90,12.5,10,30.0,25.5,True
Kebab King Октябрьская,Дополнения,Морковь по корейски (доп),Kebab King Октябрьская,1.0,100,5,110,10.0,10,10.0,8.5,True
Kebab King Октябрьская,Дополнения,Стаканчик с крышкой под чай,Kebab King Октябрьская,4.0,20,5,30,50.0,10,40.0,34.0,True
Kebab King Октябрьская,Шаурма,Шаурма Стандарт с курицей,Kebab King Октябрьская,520.0,320,6,340,6.25,20,10400.0,8840.0,True
Kebab King Октябрьская,Шаурма,Шаурма Большая со свининой,Kebab King Октябрьская,339.0,360,6,380,5.56,20,6780.0,5763.0,True
Kebab King Октябрьская,Шаурма,Шаурма Большая с курицей,Kebab King Октябрьская,339.0,360,6,380,5.56,20,6780.0,5763.0,True
Kebab King Октябрьская,Шаурма,Шаурма Стандарт со свининой,Kebab King Октябрьская,266.0,310,6,330,6.45,20,5320.0,4522.0,True
Kebab King Октябрьская,Закуски и гарниры,Картофель фри,Kebab King Октябрьская,401.0,170,6,180,5.88,10,4010.0,3408.5,True
Kebab King Октябрьская,Шаурма,Шаурма Мини с курицей,Kebab King Октябрьская,262.0,250,6,260,4.0,10,2620.0,2227.0,True
Kebab King Октябрьская,Бургеры и сэндвичи,Чикенбургер,Kebab King Октябрьская,125.0,330,6,350,6.06,20,2500.0,2125.0,True
Kebab King Октябрьская,Бургеры и сэндвичи,Чизбургер,Kebab King Октябрьская,106.0,370,6,390,5.41,20,2120.0,1802.0,True
Kebab King Октябрьская,Бургеры и сэндвичи,Гамбургер,Kebab King Октябрьская,112.0,310,6,330,6.45,20,2240.0,1904.0,True
Kebab King Октябрьская,Шаурма,Шаурма Мини со свининой,Kebab King Октябрьская,131.0,250,6,260,4.0,10,1310.0,1113.5,True
Kebab King Октябрьская,Шаурма,Шаурма в Пите с курицей,Kebab King Октябрьская,73.0,370,6,390,5.41,20,1460.0,1241.0,True
Kebab King Октябрьская,Шаурма,Шаурма в Пите со свининой,Kebab King Октябрьская,54.0,370,6,390,5.41,20,1080.0,918.0,True
Kebab King Октябрьская,Роллы и хот-доги,Хот-Дог,Kebab King Октябрьская,82.0,240,6,250,4.17,10,820.0,697.0,True
Kebab King Октябрьская,Бургеры и сэндвичи,Двойной Чизбургер,Kebab King Октябрьская,45.0,430,6,460,6.98,30,1350.0,1147.5,True
Kebab King Октябрьская,Бургеры и сэндвичи,Кебаб Бургер,Kebab King Октябрьская,37.0,390,6,410,5.13,20,740.0,629.0,True
Kebab King Октябрьская,Роллы и хот-доги,Цезарь Ролл,Kebab King Октябрьская,46.0,290,6,310,6.9,20,920.0,782.0,True
Kebab King Октябрьская,Бургеры и сэндвичи,Панини Классика,Kebab King Октябрьская,39.0,280,6,300,7.14,20,780.0,663.0,True
Kebab King Октябрьская,Кола,Кола Classic 0.5,Kebab King Октябрьская,104.0,100,6,110,10.0,10,1040.0,884.0,True
Kebab King Октябрьская,Напитки КК,Фреш Бар,Kebab King Октябрьская,89.0,110,6,120,9.09,10,890.0,756.5,True
Kebab King Октябрьская,Бургеры и сэндвичи,Бургер,Kebab King Октябрьская,33.0,250,6,260,4.0,10,330.0,280.5,True
Kebab King Октябрьская,Роллы и хот-доги,Френч-Дог,Kebab King Октябрьская,30.0,250,6,260,4.0,10,300.0,255.0,True
Kebab King Октябрьская,Дип-Пот,Дип пот Сырный,Kebab King Октябрьская,143.0,50,6,60,20.0,10,1430.0,1215.5,True
Kebab King Октябрьская,Чай бутилированный,Липтон черный 0.5,Kebab King Октябрьская,46.0,150,6,160,6.67,10,460.0,391.0,True
Kebab King Октябрьская,Бургеры и сэндвичи,Панини мясная со свининой,Kebab King Октябрьская,20.0,340,6,360,5.88,20,400.0,340.0,True
Kebab King Октябрьская,Чай бутилированный,Липтон зеленый 0.5,Kebab King Октябрьская,43.0,150,6,160,6.67,10,430.0,365.5,True
Kebab King Октябрьская,Комбо-наборы,Комбо Шаурма стандарт,Kebab King Октябрьская,10.0,550,6,600,9.09,50,500.0,425.0,True
Kebab King Октябрьская,Закуски и гарниры,Крылышки 5шт,Kebab King Октябрьская,16.0,340,6,360,5.88,20,320.0,272.0,True
Kebab King Октябрьская,Бургеры и сэндвичи,Панини мясная с курицей,Kebab King Октябрьская,15.0,340,6,360,5.88,20,300.0,255.0,True
Kebab King Октябрьская,Кола,Кола Литр Classic,Kebab King Октябрьская,26.0,150,6,160,6.67,10,260.0,221.0,True
Kebab King Октябрьская,Закуски и гарниры,Луковые кольца 7шт,Kebab King Октябрьская,25.0,150,6,160,6.67,10,250.0,212.5,True
Kebab King Октябрьская,Энергетики,Энергетик Drive,Kebab King Октябрьская,25.0,150,6,160,6.67,10,250.0,212.5,True
Kebab King Октябрьская,Кофе в кофемашине,Кофе Капучино,Kebab King Октябрьская,36.0,100,6,110,10.0,10,360.0,306.0,True
Kebab King Октябрьская,Кофе в кофемашине,Кофе Латте,Kebab King Октябрьская,30.0,120,6,130,8.33,10,300.0,255.0,True
Kebab King Октябрьская,Закуски и гарниры,Крылышки 3шт,Kebab King Октябрьская,14.0,200,6,210,5.0,10,140.0,119.0,True
Kebab King Октябрьская,Дип-Пот,Дип пот Кетчуп,Kebab King Октябрьская,54.0,50,6,60,20.0,10,540.0,459.0,True
Kebab King Октябрьская,Напитки КК,Кофе 3 в 1,Kebab King Октябрьская,50.0,50,6,60,20.0,10,500.0,425.0,True
Kebab King Октябрьская,Вода,Вода Черноголовка 0.5,Kebab King Октябрьская,32.0,70,6,80,14.29,10,320.0,272.0,True
Kebab King Октябрьская,Напитки КК,Чай,Kebab King Октябрьская,64.0,30,6,40,33.33,10,640.0,544.0,True
Kebab King Октябрьская,Кофе в кофемашине,Кофе Американо,Kebab King Октябрьская,18.0,100,6,110,10.0,10,180.0,153.0,True
Kebab King Октябрьская,Соки,Сок Любимый Яблоко 0.2,Kebab King Октябрьская,20.0,70,6,80,14.29,10,200.0,170.0,True
Kebab King Октябрьская,Кола,Кола Два Литра Classic,Kebab King Октябрьская,6.0,210,6,220,4.76,10,60.0,51.0,True
Kebab King Октябрьская,Дип-Пот,Дип пот Сливочно-чесночный,Kebab King Октябрьская,17.0,50,6,60,20.0,10,170.0,144.5,True
Kebab King Октябрьская,Соки,Сок Любимый Тропический микс 0.2,Kebab King Октябрьская,11.0,70,6,80,14.29,10,110.0,93.5,True
Kebab King Октябрьская,Напитки КК,Кофе черный,Kebab King Октябрьская,19.0,40,6,50,25.0,10,190.0,161.5,True
Kebab King Октябрьская,Вода,Вода Черноголовка 1л,Kebab King Октябрьская,7.0,100,6,110,10.0,10,70.0,59.5,True
Kebab King Октябрьская,Дип-Пот,Дип пот Барбекю,Kebab King Октябрьская,13.0,50,6,60,20.0,10,130.0,110.5,True
Kebab King Октябрьская,Напитки КК,Согревающий чай,Kebab King Октябрьская,5.0,120,6,130,8.33,10,50.0,42.5,True
Kebab King Октябрьская,Дополнения,Халапенье (доп),Kebab King Октябрьская,3.0,80,6,90,12.5,10,30.0,25.5,True
Kebab King Октябрьская,Дополнения,Морковь по корейски (доп),Kebab King Октябрьская,1.0,100,6,110,10.0,10,10.0,8.5,True
Kebab King Октябрьская,Дополнения,Стаканчик с крышкой под чай,Kebab King Октябрьская,4.0,20,6,30,50.0,10,40.0,34.0,True
Kebab King Октябрьская,Шаурма,Шаурма Стандарт с курицей,Kebab King Октябрьская,520.0,320,7,340,6.25,20,10400.0,8840.0,True
Kebab King Октябрьская,Шаурма,Шаурма Большая со свининой,Kebab King Октябрьская,339.0,360,7,390,8.33,30,10170.0,8644.5,True
Kebab King Октябрьская,Шаурма,Шаурма Большая с курицей,Kebab King Октябрьская,339.0,360,7,390,8.33,30,10170.0,8644.5,True
Kebab King Октябрьская,Шаурма,Шаурма Стандарт со свининой,Kebab King Октябрьская,266.0,310,7,330,6.45,20,5320.0,4522.0,True
Kebab King Октябрьская,Закуски и гарниры,Картофель фри,Kebab King Октябрьская,401.0,170,7,180,5.88,10,4010.0,3408.5,True
Kebab King Октябрьская,Шаурма,Шаурма Мини с курицей,Kebab King Октябрьская,262.0,250,7,270,8.0,20,5240.0,4454.0,True
Kebab King Октябрьская,Бургеры и сэндвичи,Чикенбургер,Kebab King Октябрьская,125.0,330,7,350,6.06,20,2500.0,2125.0,True
Kebab King Октябрьская,Бургеры и сэндвичи,Чизбургер,Kebab King Октябрьская,106.0,370,7,400,8.11,30,3180.0,2703.0,True
Kebab King Октябрьская,Бургеры и сэндвичи,Гамбургер,Kebab King Октябрьская,112.0,310,7,330,6.45,20,2240.0,1904.0,True
Kebab King Октябрьская,Шаурма,Шаурма Мини со свининой,Kebab King Октябрьская,131.0,250,7,270,8.0,20,2620.0,2227.0,True
Kebab King Октябрьская,Шаурма,Шаурма в Пите с курицей,Kebab King Октябрьская,73.0,370,7,400,8.11,30,2190.0,1861.5,True
Kebab King Октябрьская,Шаурма,Шаурма в Пите со свининой,Kebab King Октябрьская,54.0,370,7,400,8.11,30,1620.0,1377.0,True
Kebab King Октябрьская,Роллы и хот-доги,Хот-Дог,Kebab King Октябрьская,82.0,240,7,260,8.33,20,1640.0,1394.0,True
Kebab King Октябрьская,Бургеры и сэндвичи,Двойной Чизбургер,Kebab King Октябрьская,45.0,430,7,460,6.98,30,1350.0,1147.5,True
Kebab King Октябрьская,Бургеры и сэндвичи,Кебаб Бургер,Kebab King Октябрьская,37.0,390,7,420,7.69,30,1110.0,943.5,True
Kebab King Октябрьская,Роллы и хот-доги,Цезарь Ролл,Kebab King Октябрьская,46.0,290,7,310,6.9,20,920.0,782.0,True
Kebab King Октябрьская,Бургеры и сэндвичи,Панини Классика,Kebab King Октябрьская,39.0,280,7,300,7.14,20,780.0,663.0,True
Kebab King Октябрьская,Кола,Кола Classic 0.5,Kebab King Октябрьская,104.0,100,7,110,10.0,10,1040.0,884.0,True
Kebab King Октябрьская,Напитки КК,Фреш Бар,Kebab King Октябрьская,89.0,110,7,120,9.09,10,890.0,756.5,True
Kebab King Октябрьская,Бургеры и сэндвичи,Бургер,Kebab King Октябрьская,33.0,250,7,270,8.0,20,660.0,561.0,True
Kebab King Октябрьская,Роллы и хот-доги,Френч-Дог,Kebab King Октябрьская,30.0,250,7,270,8.0,20,600.0,510.0,True
Kebab King Октябрьская,Дип-Пот,Дип пот Сырный,Kebab King Октябрьская,143.0,50,7,60,20.0,10,1430.0,1215.5,True
Kebab King Октябрьская,Чай бутилированный,Липтон черный 0.5,Kebab King Октябрьская,46.0,150,7,160,6.67,10,460.0,391.0,True
Kebab King Октябрьская,Бургеры и сэндвичи,Панини мясная со свининой,Kebab King Октябрьская,20.0,340,7,360,5.88,20,400.0,340.0,True
Kebab King Октябрьская,Чай бутилированный,Липтон зеленый 0.5,Kebab King Октябрьская,43.0,150,7,160,6.67,10,430.0,365.5,True
Kebab King Октябрьская,Комбо-наборы,Комбо Шаурма стандарт,Kebab King Октябрьская,10.0,550,7,600,9.09,50,500.0,425.0,True
Kebab King Октябрьская,Закуски и гарниры,Крылышки 5шт,Kebab King Октябрьская,16.0,340,7,360,5.88,20,320.0,272.0,True
Kebab King Октябрьская,Бургеры и сэндвичи,Панини мясная с курицей,Kebab King Октябрьская,15.0,340,7,360,5.88,20,300.0,255.0,True
Kebab King Октябрьская,Кола,Кола Литр Classic,Kebab King Октябрьская,26.0,150,7,160,6.67,10,260.0,221.0,True
Kebab King Октябрьская,Закуски и гарниры,Луковые кольца 7шт,Kebab King Октябрьская,25.0,150,7,160,6.67,10,250.0,212.5,True
Kebab King Октябрьская,Энергетики,Энергетик Drive,Kebab King Октябрьская,25.0,150,7,160,6.67,10,250.0,212.5,True
Kebab King Октябрьская,Кофе в кофемашине,Кофе Капучино,Kebab King Октябрьская,36.0,100,7,110,10.0,10,360.0,306.0,True
Kebab King Октябрьская,Кофе в кофемашине,Кофе Латте,Kebab King Октябрьская,30.0,120,7,130,8.33,10,300.0,255.0,True
Kebab King Октябрьская,Закуски и гарниры,Крылышки 3шт,Kebab King Октябрьская,14.0,200,7,210,5.0,10,140.0,119.0,True
Kebab King Октябрьская,Дип-Пот,Дип пот Кетчуп,Kebab King Октябрьская,54.0,50,7,60,20.0,10,540.0,459.0,True
Kebab King Октябрьская,Напитки КК,Кофе 3 в 1,Kebab King Октябрьская,50.0,50,7,60,20.0,10,500.0,425.0,True
Kebab King Октябрьская,Вода,Вода Черноголовка 0.5,Kebab King Октябрьская,32.0,70,7,80,14.29,10,320.0,272.0,True
Kebab King Октябрьская,Напитки КК,Чай,Kebab King Октябрьская,64.0,30,7,40,33.33,10,640.0,544.0,True
Kebab King Октябрьская,Кофе в кофемашине,Кофе Американо,Kebab King Октябрьская,18.0,100,7,110,10.0,10,180.0,153.0,True
Kebab King Октябрьская,Соки,Сок Любимый Яблоко 0.2,Kebab King Октябрьская,20.0,70,7,80,14.29,10,200.0,170.0,True
Kebab King Октябрьская,Кола,Кола Два Литра Classic,Kebab King Октябрьская,6.0,210,7,220,4.76,10,60.0,51.0,True
Kebab King Октябрьская,Дип-Пот,Дип пот Сливочно-чесночный,Kebab King Октябрьская,17.0,50,7,60,20.0,10,170.0,144.5,True
Kebab King Октябрьская,Соки,Сок Любимый Тропический микс 0.2,Kebab King Октябрьская,11.0,70,7,80,14.29,10,110.0,93.5,True
Kebab King Октябрьская,Напитки КК,Кофе черный,Kebab King Октябрьская,19.0,40,7,50,25.0,10,190.0,161.5,True
Kebab King Октябрьская,Вода,Вода Черноголовка 1л,Kebab King Октябрьская,7.0,100,7,110,10.0,10,70.0,59.5,True
Kebab King Октябрьская,Дип-Пот,Дип пот Барбекю,Kebab King Октябрьская,13.0,50,7,60,20.0,10,130.0,110.5,True
Kebab King Октябрьская,Напитки КК,Согревающий чай,Kebab King Октябрьская,5.0,120,7,130,8.33,10,50.0,42.5,True
Kebab King Октябрьская,Дополнения,Халапенье (доп),Kebab King Октябрьская,3.0,80,7,90,12.5,10,30.0,25.5,True
Kebab King Октябрьская,Дополнения,Морковь по корейски (доп),Kebab King Октябрьская,1.0,100,7,110,10.0,10,10.0,8.5,True
Kebab King Октябрьская,Дополнения,Стаканчик с крышкой под чай,Kebab King Октябрьская,4.0,20,7,30,50.0,10,40.0,34.0,True
Kebab King Октябрьская,Шаурма,Шаурма Стандарт с курицей,Kebab King Октябрьская,520.0,320,8,350,9.38,30,15600.0,13260.0,True
Kebab King Октябрьская,Шаурма,Шаурма Большая со свининой,Kebab King Октябрьская,339.0,360,8,390,8.33,30,10170.0,8644.5,True
Kebab King Октябрьская,Шаурма,Шаурма Большая с курицей,Kebab King Октябрьская,339.0,360,8,390,8.33,30,10170.0,8644.5,True
Kebab King Октябрьская,Шаурма,Шаурма Стандарт со свининой,Kebab King Октябрьская,266.0,310,8,330,6.45,20,5320.0,4522.0,True
Kebab King Октябрьская,Закуски и гарниры,Картофель фри,Kebab King Октябрьская,401.0,170,8,180,5.88,10,4010.0,3408.5,True
Kebab King Октябрьская,Шаурма,Шаурма Мини с курицей,Kebab King Октябрьская,262.0,250,8,270,8.0,20,5240.0,4454.0,True
Kebab King Октябрьская,Бургеры и сэндвичи,Чикенбургер,Kebab King Октябрьская,125.0,330,8,360,9.09,30,3750.0,3187.5,True
Kebab King Октябрьская,Бургеры и сэндвичи,Чизбургер,Kebab King Октябрьская,106.0,370,8,400,8.11,30,3180.0,2703.0,True
Kebab King Октябрьская,Бургеры и сэндвичи,Гамбургер,Kebab King Октябрьская,112.0,310,8,330,6.45,20,2240.0,1904.0,True
Kebab King Октябрьская,Шаурма,Шаурма Мини со свининой,Kebab King Октябрьская,131.0,250,8,270,8.0,20,2620.0,2227.0,True
Kebab King Октябрьская,Шаурма,Шаурма в Пите с курицей,Kebab King Октябрьская,73.0,370,8,400,8.11,30,2190.0,1861.5,True
Kebab King Октябрьская,Шаурма,Шаурма в Пите со свининой,Kebab King Октябрьская,54.0,370,8,400,8.11,30,1620.0,1377.0,True
Kebab King Октябрьская,Роллы и хот-доги,Хот-Дог,Kebab King Октябрьская,82.0,240,8,260,8.33,20,1640.0,1394.0,True
Kebab King Октябрьская,Бургеры и сэндвичи,Двойной Чизбургер,Kebab King Октябрьская,45.0,430,8,460,6.98,30,1350.0,1147.5,True
Kebab King Октябрьская,Бургеры и сэндвичи,Кебаб Бургер,Kebab King Октябрьская,37.0,390,8,420,7.69,30,1110.0,943.5,True
Kebab King Октябрьская,Роллы и хот-доги,Цезарь Ролл,Kebab King Октябрьская,46.0,290,8,310,6.9,20,920.0,782.0,True
Kebab King Октябрьская,Бургеры и сэндвичи,Панини Классика,Kebab King Октябрьская,39.0,280,8,300,7.14,20,780.0,663.0,True
Kebab King Октябрьская,Кола,Кола Classic 0.5,Kebab King Октябрьская,104.0,100,8,110,10.0,10,1040.0,884.0,True
Kebab King Октябрьская,Напитки КК,Фреш Бар,Kebab King Октябрьская,89.0,110,8,120,9.09,10,890.0,756.5,True
Kebab King Октябрьская,Бургеры и сэндвичи,Бургер,Kebab King Октябрьская,33.0,250,8,270,8.0,20,660.0,561.0,True
Kebab King Октябрьская,Роллы и хот-доги,Френч-Дог,Kebab King Октябрьская,30.0,250,8,270,8.0,20,600.0,510.0,True
Kebab King Октябрьская,Дип-Пот,Дип пот Сырный,Kebab King Октябрьская,143.0,50,8,60,20.0,10,1430.0,1215.5,True
Kebab King Октябрьская,Чай бутилированный,Липтон черный 0.5,Kebab King Октябрьская,46.0,150,8,160,6.67,10,460.0,391.0,True
Kebab King Октябрьская,Бургеры и сэндвичи,Панини мясная со свининой,Kebab King Октябрьская,20.0,340,8,370,8.82,30,600.0,510.0,True
Kebab King Октябрьская,Чай бутилированный,Липтон зеленый 0.5,Kebab King Октябрьская,43.0,150,8,160,6.67,10,430.0,365.5,True
Kebab King Октябрьская,Комбо-наборы,Комбо Шаурма стандарт,Kebab King Октябрьская,10.0,550,8,600,9.09,50,500.0,425.0,True
Kebab King Октябрьская,Закуски и гарниры,Крылышки 5шт,Kebab King Октябрьская,16.0,340,8,370,8.82,30,480.0,408.0,True
Kebab King Октябрьская,Бургеры и сэндвичи,Панини мясная с курицей,Kebab King Октябрьская,15.0,340,8,370,8.82,30,450.0,382.5,True
Kebab King Октябрьская,Кола,Кола Литр Classic,Kebab King Октябрьская,26.0,150,8,160,6.67,10,260.0,221.0,True
Kebab King Октябрьская,Закуски и гарниры,Луковые кольца 7шт,Kebab King Октябрьская,25.0,150,8,160,6.67,10,250.0,212.5,True
Kebab King Октябрьская,Энергетики,Энергетик Drive,Kebab King Октябрьская,25.0,150,8,160,6.67,10,250.0,212.5,True
Kebab King Октябрьская,Кофе в кофемашине,Кофе Капучино,Kebab King Октябрьская,36.0,100,8,110,10.0,10,360.0,306.0,True
Kebab King Октябрьская,Кофе в кофемашине,Кофе Латте,Kebab King Октябрьская,30.0,120,8,130,8.33,10,300.0,255.0,True
Kebab King Октябрьская,Закуски и гарниры,Крылышки 3шт,Kebab King Октябрьская,14.0,200,8,220,10.0,20,280.0,238.0,True
Kebab King Октябрьская,Дип-Пот,Дип пот Кетчуп,Kebab King Октябрьская,54.0,50,8,60,20.0,10,540.0,459.0,True
Kebab King Октябрьская,Напитки КК,Кофе 3 в 1,Kebab King Октябрьская,50.0,50,8,60,20.0,10,500.0,425.0,True
Kebab King Октябрьская,Вода,Вода Черноголовка 0.5,Kebab King Октябрьская,32.0,70,8,80,14.29,10,320.0,272.0,True
Kebab King Октябрьская,Напитки КК,Чай,Kebab King Октябрьская,64.0,30,8,40,33.33,10,640.0,544.0,True
Kebab King Октябрьская,Кофе в кофемашине,Кофе Американо,Kebab King Октябрьская,18.0,100,8,110,10.0,10,180.0,153.0,True
Kebab King Октябрьская,Соки,Сок Любимый Яблоко 0.2,Kebab King Октябрьская,20.0,70,8,80,14.29,10,200.0,170.0,True
Kebab King Октябрьская,Кола,Кола Два Литра Classic,Kebab King Октябрьская,6.0,210,8,230,9.52,20,120.0,102.0,True
Kebab King Октябрьская,Дип-Пот,Дип пот Сливочно-чесночный,Kebab King Октябрьская,17.0,50,8,60,20.0,10,170.0,144.5,True
Kebab King Октябрьская,Соки,Сок Любимый Тропический микс 0.2,Kebab King Октябрьская,11.0,70,8,80,14.29,10,110.0,93.5,True
Kebab King Октябрьская,Напитки КК,Кофе черный,Kebab King Октябрьская,19.0,40,8,50,25.0,10,190.0,161.5,True
Kebab King Октябрьская,Вода,Вода Черноголовка 1л,Kebab King Октябрьская,7.0,100,8,110,10.0,10,70.0,59.5,True
Kebab King Октябрьская,Дип-Пот,Дип пот Барбекю,Kebab King Октябрьская,13.0,50,8,60,20.0,10,130.0,110.5,True
Kebab King Октябрьская,Напитки КК,Согревающий чай,Kebab King Октябрьская,5.0,120,8,130,8.33,10,50.0,42.5,True
Kebab King Октябрьская,Дополнения,Халапенье (доп),Kebab King Октябрьская,3.0,80,8,90,12.5,10,30.0,25.5,True
Kebab King Октябрьская,Дополнения,Морковь по корейски (доп),Kebab King Октябрьская,1.0,100,8,110,10.0,10,10.0,8.5,True
Kebab King Октябрьская,Дополнения,Стаканчик с крышкой под чай,Kebab King Октябрьская,4.0,20,8,30,50.0,10,40.0,34.0,True
Kebab King Октябрьская,Шаурма,Шаурма Стандарт с курицей,Kebab King Октябрьская,520.0,320,9,350,9.38,30,15600.0,13260.0,True
Kebab King Октябрьская,Шаурма,Шаурма Большая со свининой,Kebab King Октябрьская,339.0,360,9,390,8.33,30,10170.0,8644.5,True
Kebab King Октябрьская,Шаурма,Шаурма Большая с курицей,Kebab King Октябрьская,339.0,360,9,390,8.33,30,10170.0,8644.5,True
Kebab King Октябрьская,Шаурма,Шаурма Стандарт со свининой,Kebab King Октябрьская,266.0,310,9,340,9.68,30,7980.0,6783.0,True
Kebab King Октябрьская,Закуски и гарниры,Картофель фри,Kebab King Октябрьская,401.0,170,9,190,11.76,20,8020.0,6817.0,True
Kebab King Октябрьская,Шаурма,Шаурма Мини с курицей,Kebab King Октябрьская,262.0,250,9,270,8.0,20,5240.0,4454.0,True
Kebab King Октябрьская,Бургеры и сэндвичи,Чикенбургер,Kebab King Октябрьская,125.0,330,9,360,9.09,30,3750.0,3187.5,True
Kebab King Октябрьская,Бургеры и сэндвичи,Чизбургер,Kebab King Октябрьская,106.0,370,9,400,8.11,30,3180.0,2703.0,True
Kebab King Октябрьская,Бургеры и сэндвичи,Гамбургер,Kebab King Октябрьская,112.0,310,9,340,9.68,30,3360.0,2856.0,True
Kebab King Октябрьская,Шаурма,Шаурма Мини со свининой,Kebab King Октябрьская,131.0,250,9,270,8.0,20,2620.0,2227.0,True
Kebab King Октябрьская,Шаурма,Шаурма в Пите с курицей,Kebab King Октябрьская,73.0,370,9,400,8.11,30,2190.0,1861.5,True
Kebab King Октябрьская,Шаурма,Шаурма в Пите со свининой,Kebab King Октябрьская,54.0,370,9,400,8.11,30,1620.0,1377.0,True
Kebab King Октябрьская,Роллы и хот-доги,Хот-Дог,Kebab King Октябрьская,82.0,240,9,260,8.33,20,1640.0,1394.0,True
Kebab King Октябрьская,Бургеры и сэндвичи,Двойной Чизбургер,Kebab King Октябрьская,45.0,430,9,470,9.3,40,1800.0,1530.0,True
Kebab King Октябрьская,Бургеры и сэндвичи,Кебаб Бургер,Kebab King Октябрьская,37.0,390,9,430,10.26,40,1480.0,1258.0,True
Kebab King Октябрьская,Роллы и хот-доги,Цезарь Ролл,Kebab King Октябрьская,46.0,290,9,320,10.34,30,1380.0,1173.0,True
Kebab King Октябрьская,Бургеры и сэндвичи,Панини Классика,Kebab King Октябрьская,39.0,280,9,310,10.71,30,1170.0,994.5,True
Kebab King Октябрьская,Кола,Кола Classic 0.5,Kebab King Октябрьская,104.0,100,9,110,10.0,10,1040.0,884.0,True
Kebab King Октябрьская,Напитки КК,Фреш Бар,Kebab King Октябрьская,89.0,110,9,120,9.09,10,890.0,756.5,True
Kebab King Октябрьская,Бургеры и сэндвичи,Бургер,Kebab King Октябрьская,33.0,250,9,270,8.0,20,660.0,561.0,True
Kebab King Октябрьская,Роллы и хот-доги,Френч-Дог,Kebab King Октябрьская,30.0,250,9,270,8.0,20,600.0,510.0,True
Kebab King Октябрьская,Дип-Пот,Дип пот Сырный,Kebab King Октябрьская,143.0,50,9,60,20.0,10,1430.0,1215.5,True
Kebab King Октябрьская,Чай бутилированный,Липтон черный 0.5,Kebab King Октябрьская,46.0,150,9,160,6.67,10,460.0,391.0,True
Kebab King Октябрьская,Бургеры и сэндвичи,Панини мясная со свининой,Kebab King Октябрьская,20.0,340,9,370,8.82,30,600.0,510.0,True
Kebab King Октябрьская,Чай бутилированный,Липтон зеленый 0.5,Kebab King Октябрьская,43.0,150,9,160,6.67,10,430.0,365.5,True
Kebab King Октябрьская,Комбо-наборы,Комбо Шаурма стандарт,Kebab King Октябрьская,10.0,550,9,600,9.09,50,500.0,425.0,True
Kebab King Октябрьская,Закуски и гарниры,Крылышки 5шт,Kebab King Октябрьская,16.0,340,9,370,8.82,30,480.0,408.0,True
Kebab King Октябрьская,Бургеры и сэндвичи,Панини мясная с курицей,Kebab King Октябрьская,15.0,340,9,370,8.82,30,450.0,382.5,True
Kebab King Октябрьская,Кола,Кола Литр Classic,Kebab King Октябрьская,26.0,150,9,160,6.67,10,260.0,221.0,True
Kebab King Октябрьская,Закуски и гарниры,Луковые кольца 7шт,Kebab King Октябрьская,25.0,150,9,160,6.67,10,250.0,212.5,True
Kebab King Октябрьская,Энергетики,Энергетик Drive,Kebab King Октябрьская,25.0,150,9,160,6.67,10,250.0,212.5,True
Kebab King Октябрьская,Кофе в кофемашине,Кофе Капучино,Kebab King Октябрьская,36.0,100,9,110,10.0,10,360.0,306.0,True
Kebab King Октябрьская,Кофе в кофемашине,Кофе Латте,Kebab King Октябрьская,30.0,120,9,130,8.33,10,300.0,255.0,True
Kebab King Октябрьская,Закуски и гарниры,Крылышки 3шт,Kebab King Октябрьская,14.0,200,9,220,10.0,20,280.0,238.0,True
Kebab King Октябрьская,Дип-Пот,Дип пот Кетчуп,Kebab King Октябрьская,54.0,50,9,60,20.0,10,540.0,459.0,True
Kebab King Октябрьская,Напитки КК,Кофе 3 в 1,Kebab King Октябрьская,50.0,50,9,60,20.0,10,500.0,425.0,True
Kebab King Октябрьская,Вода,Вода Черноголовка 0.5,Kebab King Октябрьская,32.0,70,9,80,14.29,10,320.0,272.0,True
Kebab King Октябрьская,Напитки КК,Чай,Kebab King Октябрьская,64.0,30,9,40,33.33,10,640.0,544.0,True
Kebab King Октябрьская,Кофе в кофемашине,Кофе Американо,Kebab King Октябрьская,18.0,100,9,110,10.0,10,180.0,153.0,True
Kebab King Октябрьская,Соки,Сок Любимый Яблоко 0.2,Kebab King Октябрьская,20.0,70,9,80,14.29,10,200.0,170.0,True
Kebab King Октябрьская,Кола,Кола Два Литра Classic,Kebab King Октябрьская,6.0,210,9,230,9.52,20,120.0,102.0,True
Kebab King Октябрьская,Дип-Пот,Дип пот Сливочно-чесночный,Kebab King Октябрьская,17.0,50,9,60,20.0,10,170.0,144.5,True
Kebab King Октябрьская,Соки,Сок Любимый Тропический микс 0.2,Kebab King Октябрьская,11.0,70,9,80,14.29,10,110.0,93.5,True
Kebab King Октябрьская,Напитки КК,Кофе черный,Kebab King Октябрьская,19.0,40,9,50,25.0,10,190.0,161.5,True
Kebab King Октябрьская,Вода,Вода Черноголовка 1л,Kebab King Октябрьская,7.0,100,9,110,10.0,10,70.0,59.5,True
Kebab King Октябрьская,Дип-Пот,Дип пот Барбекю,Kebab King Октябрьская,13.0,50,9,60,20.0,10,130.0,110.5,True
Kebab King Октябрьская,Напитки КК,Согревающий чай,Kebab King Октябрьская,5.0,120,9,130,8.33,10,50.0,42.5,True
Kebab King Октябрьская,Дополнения,Халапенье (доп),Kebab King Октябрьская,3.0,80,9,90,12.5,10,30.0,25.5,True
Kebab King Октябрьская,Дополнения,Морковь по корейски (доп),Kebab King Октябрьская,1.0,100,9,110,10.0,10,10.0,8.5,True
Kebab King Октябрьская,Дополнения,Стаканчик с крышкой под чай,Kebab King Октябрьская,4.0,20,9,30,50.0,10,40.0,34.0,True
Kebab King Октябрьская,Шаурма,Шаурма Стандарт с курицей,Kebab King Октябрьская,520.0,320,10,350,9.38,30,15600.0,13260.0,True
Kebab King Октябрьская,Шаурма,Шаурма Большая со свининой,Kebab King Октябрьская,339.0,360,10,400,11.11,40,13560.0,11526.0,True
Kebab King Октябрьская,Шаурма,Шаурма Большая с курицей,Kebab King Октябрьская,339.0,360,10,400,11.11,40,13560.0,11526.0,True
Kebab King Октябрьская,Шаурма,Шаурма Стандарт со свининой,Kebab King Октябрьская,266.0,310,10,340,9.68,30,7980.0,6783.0,True
Kebab King Октябрьская,Закуски и гарниры,Картофель фри,Kebab King Октябрьская,401.0,170,10,190,11.76,20,8020.0,6817.0,True
Kebab King Октябрьская,Шаурма,Шаурма Мини с курицей,Kebab King Октябрьская,262.0,250,10,280,12.0,30,7860.0,6681.0,True
Kebab King Октябрьская,Бургеры и сэндвичи,Чикенбургер,Kebab King Октябрьская,125.0,330,10,360,9.09,30,3750.0,3187.5,True
Kebab King Октябрьская,Бургеры и сэндвичи,Чизбургер,Kebab King Октябрьская,106.0,370,10,410,10.81,40,4240.0,3604.0,True
Kebab King Октябрьская,Бургеры и сэндвичи,Гамбургер,Kebab King Октябрьская,112.0,310,10,340,9.68,30,3360.0,2856.0,True
Kebab King Октябрьская,Шаурма,Шаурма Мини со свининой,Kebab King Октябрьская,131.0,250,10,280,12.0,30,3930.0,3340.5,True
Kebab King Октябрьская,Шаурма,Шаурма в Пите с курицей,Kebab King Октябрьская,73.0,370,10,410,10.81,40,2920.0,2482.0,True
Kebab King Октябрьская,Шаурма,Шаурма в Пите со свининой,Kebab King Октябрьская,54.0,370,10,410,10.81,40,2160.0,1836.0,True
Kebab King Октябрьская,Роллы и хот-доги,Хот-Дог,Kebab King Октябрьская,82.0,240,10,260,8.33,20,1640.0,1394.0,True
Kebab King Октябрьская,Бургеры и сэндвичи,Двойной Чизбургер,Kebab King Октябрьская,45.0,430,10,470,9.3,40,1800.0,1530.0,True
Kebab King Октябрьская,Бургеры и сэндвичи,Кебаб Бургер,Kebab King Октябрьская,37.0,390,10,430,10.26,40,1480.0,1258.0,True
Kebab King Октябрьская,Роллы и хот-доги,Цезарь Ролл,Kebab King Октябрьская,46.0,290,10,320,10.34,30,1380.0,1173.0,True
Kebab King Октябрьская,Бургеры и сэндвичи,Панини Классика,Kebab King Октябрьская,39.0,280,10,310,10.71,30,1170.0,994.5,True
Kebab King Октябрьская,Кола,Кола Classic 0.5,Kebab King Октябрьская,104.0,100,10,110,10.0,10,1040.0,884.0,True
Kebab King Октябрьская,Напитки КК,Фреш Бар,Kebab King Октябрьская,89.0,110,10,120,9.09,10,890.0,756.5,True
Kebab King Октябрьская,Бургеры и сэндвичи,Бургер,Kebab King Октябрьская,33.0,250,10,280,12.0,30,990.0,841.5,True
Kebab King Октябрьская,Роллы и хот-доги,Френч-Дог,Kebab King Октябрьская,30.0,250,10,280,12.0,30,900.0,765.0,True
Kebab King Октябрьская,Дип-Пот,Дип пот Сырный,Kebab King Октябрьская,143.0,50,10,60,20.0,10,1430.0,1215.5,True
Kebab King Октябрьская,Чай бутилированный,Липтон черный 0.5,Kebab King Октябрьская,46.0,150,10,160,6.67,10,460.0,391.0,True
Kebab King Октябрьская,Бургеры и сэндвичи,Панини мясная со свининой,Kebab King Октябрьская,20.0,340,10,370,8.82,30,600.0,510.0,True
Kebab King Октябрьская,Чай бутилированный,Липтон зеленый 0.5,Kebab King Октябрьская,43.0,150,10,160,6.67,10,430.0,365.5,True
Kebab King Октябрьская,Комбо-наборы,Комбо Шаурма стандарт,Kebab King Октябрьская,10.0,550,10,600,9.09,50,500.0,425.0,True
Kebab King Октябрьская,Закуски и гарниры,Крылышки 5шт,Kebab King Октябрьская,16.0,340,10,370,8.82,30,480.0,408.0,True
Kebab King Октябрьская,Бургеры и сэндвичи,Панини мясная с курицей,Kebab King Октябрьская,15.0,340,10,370,8.82,30,450.0,382.5,True
Kebab King Октябрьская,Кола,Кола Литр Classic,Kebab King Октябрьская,26.0,150,10,160,6.67,10,260.0,221.0,True
Kebab King Октябрьская,Закуски и гарниры,Луковые кольца 7шт,Kebab King Октябрьская,25.0,150,10,160,6.67,10,250.0,212.5,True
Kebab King Октябрьская,Энергетики,Энергетик Drive,Kebab King Октябрьская,25.0,150,10,160,6.67,10,250.0,212.5,True
Kebab King Октябрьская,Кофе в кофемашине,Кофе Капучино,Kebab King Октябрьская,36.0,100,10,110,10.0,10,360.0,306.0,True
Kebab King Октябрьская,Кофе в кофемашине,Кофе Латте,Kebab King Октябрьская,30.0,120,10,130,8.33,10,300.0,255.0,True
Kebab King Октябрьская,Закуски и гарниры,Крылышки 3шт,Kebab King Октябрьская,14.0,200,10,220,10.0,20,280.0,238.0,True
Kebab King Октябрьская,Дип-Пот,Дип пот Кетчуп,Kebab King Октябрьская,54.0,50,10,60,20.0,10,540.0,459.0,True
Kebab King Октябрьская,Напитки КК,Кофе 3 в 1,Kebab King Октябрьская,50.0,50,10,60,20.0,10,500.0,425.0,True
Kebab King Октябрьская,Вода,Вода Черноголовка 0.5,Kebab King Октябрьская,32.0,70,10,80,14.29,10,320.0,272.0,True
Kebab King Октябрьская,Напитки КК,Чай,Kebab King Октябрьская,64.0,30,10,40,33.33,10,640.0,544.0,True
Kebab King Октябрьская,Кофе в кофемашине,Кофе Американо,Kebab King Октябрьская,18.0,100,10,110,10.0,10,180.0,153.0,True
Kebab King Октябрьская,Соки,Сок Любимый Яблоко 0.2,Kebab King Октябрьская,20.0,70,10,80,14.29,10,200.0,170.0,True
Kebab King Октябрьская,Кола,Кола Два Литра Classic,Kebab King Октябрьская,6.0,210,10,230,9.52,20,120.0,102.0,True
Kebab King Октябрьская,Дип-Пот,Дип пот Сливочно-чесночный,Kebab King Октябрьская,17.0,50,10,60,20.0,10,170.0,144.5,True
Kebab King Октябрьская,Соки,Сок Любимый Тропический микс 0.2,Kebab King Октябрьская,11.0,70,10,80,14.29,10,110.0,93.5,True
Kebab King Октябрьская,Напитки КК,Кофе черный,Kebab King Октябрьская,19.0,40,10,50,25.0,10,190.0,161.5,True
Kebab King Октябрьская,Вода,Вода Черноголовка 1л,Kebab King Октябрьская,7.0,100,10,110,10.0,10,70.0,59.5,True
Kebab King Октябрьская,Дип-Пот,Дип пот Барбекю,Kebab King Октябрьская,13.0,50,10,60,20.0,10,130.0,110.5,True
Kebab King Октябрьская,Напитки КК,Согревающий чай,Kebab King Октябрьская,5.0,120,10,130,8.33,10,50.0,42.5,True
Kebab King Октябрьская,Дополнения,Халапенье (доп),Kebab King Октябрьская,3.0,80,10,90,12.5,10,30.0,25.5,True
Kebab King Октябрьская,Дополнения,Морковь по корейски (доп),Kebab King Октябрьская,1.0,100,10,110,10.0,10,10.0,8.5,True
Kebab King Октябрьская,Дополнения,Стаканчик с крышкой под чай,Kebab King Октябрьская,4.0,20,10,30,50.0,10,40.0,34.0,True
MC Lounge Puff,Мангалы Puff,Кальян классический,MC Lounge Puff,18.0,1500,5,1600,6.67,100,1800.0,1530.0,True
MC Lounge Puff,Мангалы Puff,Кальян классический,MC Lounge Puff,18.0,1500,6,1600,6.67,100,1800.0,1530.0,True
MC Lounge Puff,Мангалы Puff,Кальян классический,MC Lounge Puff,18.0,1500,7,1600,6.67,100,1800.0,1530.0,True
MC Lounge Puff,Мангалы Puff,Кальян классический,MC Lounge Puff,18.0,1500,8,1600,6.67,100,1800.0,1530.0,True
MC Lounge Puff,Мангалы Puff,Кальян классический,MC Lounge Puff,18.0,1500,9,1650,10.0,150,2700.0,2295.0,True
MC Lounge Puff,Мангалы Puff,Кальян классический,MC Lounge Puff,18.0,1500,10,1650,10.0,150,2700.0,2295.0,True
MC Lounge Роза,Мангалы,Кальян классический,MC Lounge Роза,67.0,1150,5,1200,4.35,50,3350.0,2847.5,True
MC Lounge Роза,Кальяны постоянникам,Кальян классический,MC Lounge Роза,38.0,750,5,800,6.67,50,1900.0,1615.0,False
MC Lounge Роза,Стафф,Кальян Персонал,MC Lounge Роза,85.0,280,5,290,3.57,10,850.0,722.5,False
MC Lounge Роза,Пиво,"Пиво Stella Artois 0,45",MC Lounge Роза,18.0,280,5,290,3.57,10,180.0,153.0,True
MC Lounge Роза,Услуги,Аренда VIP Комнаты,MC Lounge Роза,9.0,500,5,550,10.0,50,450.0,382.5,True
MC Lounge Роза,Улун,Чай - Да Хун Пау,MC Lounge Роза,7.0,550,5,600,9.09,50,350.0,297.5,True
MC Lounge Роза,Услуги,Сервисный сбор,MC Lounge Роза,32.0,100,5,110,10.0,10,320.0,272.0,True
MC Lounge Роза,Пиво,Пиво Хугарден 0.45,MC Lounge Роза,11.0,280,5,290,3.57,10,110.0,93.5,True
MC Lounge Роза,Пиво,"Пиво Ловенбрау  0,45",MC Lounge Роза,10.0,280,5,290,3.57,10,100.0,85.0,True
MC Lounge Роза,Красный чай,Наглый фрукт,MC Lounge Роза,6.0,450,5,470,4.44,20,120.0,102.0,True
MC Lounge Роза,Услуги,Сервисный сбор Премиум,MC Lounge Роза,9.0,300,5,320,6.67,20,180.0,153.0,True
MC Lounge Роза,Игры,Аренда PS 4 PRO,MC Lounge Роза,6.0,350,5,370,5.71,20,120.0,102.0,True
MC Lounge Роза,Улун,Чай - Те Гуань Инь 1 кат.,MC Lounge Роза,4.0,500,5,550,10.0,50,200.0,170.0,True
MC Lounge Роза,Премиум Напитки,Сэт Дубовый резерв,MC Lounge Роза,1.0,1800,5,1900,5.56,100,100.0,85.0,True
MC Lounge Роза,Пиво,"Пиво Эль Капулько 0,4",MC Lounge Роза,5.0,350,5,370,5.71,20,100.0,85.0,True
MC Lounge Роза,Пиво,Пиво Kozel темн. 0.45,MC Lounge Роза,4.0,280,5,290,3.57,10,40.0,34.0,True
MC Lounge Роза,Улун,Чай - Молочный улун,MC Lounge Роза,2.0,450,5,470,4.44,20,40.0,34.0,True
MC Lounge Роза,Лимонады,Лимонад на выбор 1л.,MC Lounge Роза,1.0,750,5,800,6.67,50,50.0,42.5,True
MC Lounge Роза,Премиум Напитки,Напиток Лаймовый бриз,MC Lounge Роза,2.0,350,5,370,5.71,20,40.0,34.0,True
MC Lounge Роза,Зеленый чай,Чай - Тайский синий,MC Lounge Роза,1.0,450,5,470,4.44,20,20.0,17.0,True
MC Lounge Роза,Пуэр,Чай - Шу Пуэр Дворцовый,MC Lounge Роза,1.0,450,5,470,4.44,20,20.0,17.0,True
MC Lounge Роза,Пуэр,Шен-Пуэр,MC Lounge Роза,1.0,450,5,470,4.44,20,20.0,17.0,True
MC Lounge Роза,Черный чай,Чай - Таёжный с мятой,MC Lounge Роза,1.0,450,5,470,4.44,20,20.0,17.0,True
MC Lounge Роза,Черный чай,Чай - Таёжный с ягодами,MC Lounge Роза,1.0,450,5,470,4.44,20,20.0,17.0,True
MC Lounge Роза,Премиум Напитки,Напиток Арктическая мята,MC Lounge Роза,1.0,400,5,420,5.0,20,20.0,17.0,True
MC Lounge Роза,Премиум Напитки,Напиток Солнечный импульс,MC Lounge Роза,2.0,200,5,210,5.0,10,20.0,17.0,True
MC Lounge Роза,Лимонады,Лимонад Классический Мохито,MC Lounge Роза,1.0,380,5,400,5.26,20,20.0,17.0,True
MC Lounge Роза,Зеленый чай,Чай - Белый пион,MC Lounge Роза,1.0,350,5,370,5.71,20,20.0,17.0,True
MC Lounge Роза,Лимонады,Клубничный мохито,MC Lounge Роза,1.0,350,5,370,5.71,20,20.0,17.0,True
MC Lounge Роза,Премиум Напитки,Напиток Алая ночь,MC Lounge Роза,1.0,350,5,370,5.71,20,20.0,17.0,True
MC Lounge Роза,Премиум Напитки,Напиток Горизонт событий,MC Lounge Роза,1.0,350,5,370,5.71,20,20.0,17.0,True
MC Lounge Роза,Улун,Чай - Шоколадный улун,MC Lounge Роза,1.0,350,5,370,5.71,20,20.0,17.0,True
MC Lounge Роза,Шаурма,Шаурма Большая с курицей,MC Lounge Роза,1.0,350,5,370,5.71,20,20.0,17.0,True
MC Lounge Роза,Премиум Напитки,Напиток Испанская фиеста,MC Lounge Роза,1.0,320,5,340,6.25,20,20.0,17.0,True
MC Lounge Роза,Премиум Напитки,Напиток Лазурный берег,MC Lounge Роза,1.0,300,5,320,6.67,20,20.0,17.0,True
MC Lounge Роза,Черный чай,Чай - Фруктовый гламур,MC Lounge Роза,1.0,300,5,320,6.67,20,20.0,17.0,True
MC Lounge Роза,Пиво Б/А,"Пиво Stella Artois 0,45 Б/А",MC Lounge Роза,1.0,200,5,210,5.0,10,10.0,8.5,True
MC Lounge Роза,Мангалы,Кальян классический,MC Lounge Роза,67.0,1150,6,1200,4.35,50,3350.0,2847.5,True
MC Lounge Роза,Кальяны постоянникам,Кальян классический,MC Lounge Роза,38.0,750,6,800,6.67,50,1900.0,1615.0,False
MC Lounge Роза,Стафф,Кальян Персонал,MC Lounge Роза,85.0,280,6,300,7.14,20,1700.0,1445.0,False
MC Lounge Роза,Пиво,"Пиво Stella Artois 0,45",MC Lounge Роза,18.0,280,6,300,7.14,20,360.0,306.0,True
MC Lounge Роза,Услуги,Аренда VIP Комнаты,MC Lounge Роза,9.0,500,6,550,10.0,50,450.0,382.5,True
MC Lounge Роза,Улун,Чай - Да Хун Пау,MC Lounge Роза,7.0,550,6,600,9.09,50,350.0,297.5,True
MC Lounge Роза,Услуги,Сервисный сбор,MC Lounge Роза,32.0,100,6,110,10.0,10,320.0,272.0,True
MC Lounge Роза,Пиво,Пиво Хугарден 0.45,MC Lounge Роза,11.0,280,6,300,7.14,20,220.0,187.0,True
MC Lounge Роза,Пиво,"Пиво Ловенбрау  0,45",MC Lounge Роза,10.0,280,6,300,7.14,20,200.0,170.0,True
MC Lounge Роза,Красный чай,Наглый фрукт,MC Lounge Роза,6.0,450,6,480,6.67,30,180.0,153.0,True
MC Lounge Роза,Услуги,Сервисный сбор Премиум,MC Lounge Роза,9.0,300,6,320,6.67,20,180.0,153.0,True
MC Lounge Роза,Игры,Аренда PS 4 PRO,MC Lounge Роза,6.0,350,6,370,5.71,20,120.0,102.0,True
MC Lounge Роза,Улун,Чай - Те Гуань Инь 1 кат.,MC Lounge Роза,4.0,500,6,550,10.0,50,200.0,170.0,True
MC Lounge Роза,Премиум Напитки,Сэт Дубовый резерв,MC Lounge Роза,1.0,1800,6,1900,5.56,100,100.0,85.0,True
MC Lounge Роза,Пиво,"Пиво Эль Капулько 0,4",MC Lounge Роза,5.0,350,6,370,5.71,20,100.0,85.0,True
MC Lounge Роза,Пиво,Пиво Kozel темн. 0.45,MC Lounge Роза,4.0,280,6,300,7.14,20,80.0,68.0,True
MC Lounge Роза,Улун,Чай - Молочный улун,MC Lounge Роза,2.0,450,6,480,6.67,30,60.0,51.0,True
MC Lounge Роза,Лимонады,Лимонад на выбор 1л.,MC Lounge Роза,1.0,750,6,800,6.67,50,50.0,42.5,True
MC Lounge Роза,Премиум Напитки,Напиток Лаймовый бриз,MC Lounge Роза,2.0,350,6,370,5.71,20,40.0,34.0,True
MC Lounge Роза,Зеленый чай,Чай - Тайский синий,MC Lounge Роза,1.0,450,6,480,6.67,30,30.0,25.5,True
MC Lounge Роза,Пуэр,Чай - Шу Пуэр Дворцовый,MC Lounge Роза,1.0,450,6,480,6.67,30,30.0,25.5,True
MC Lounge Роза,Пуэр,Шен-Пуэр,MC Lounge Роза,1.0,450,6,480,6.67,30,30.0,25.5,True
MC Lounge Роза,Черный чай,Чай - Таёжный с мятой,MC Lounge Роза,1.0,450,6,480,6.67,30,30.0,25.5,True
MC Lounge Роза,Черный чай,Чай - Таёжный с ягодами,MC Lounge Роза,1.0,450,6,480,6.67,30,30.0,25.5,True
MC Lounge Роза,Премиум Напитки,Напиток Арктическая мята,MC Lounge Роза,1.0,400,6,420,5.0,20,20.0,17.0,True
MC Lounge Роза,Премиум Напитки,Напиток Солнечный импульс,MC Lounge Роза,2.0,200,6,210,5.0,10,20.0,17.0,True
MC Lounge Роза,Лимонады,Лимонад Классический Мохито,MC Lounge Роза,1.0,380,6,400,5.26,20,20.0,17.0,True
MC Lounge Роза,Зеленый чай,Чай - Белый пион,MC Lounge Роза,1.0,350,6,370,5.71,20,20.0,17.0,True
MC Lounge Роза,Лимонады,Клубничный мохито,MC Lounge Роза,1.0,350,6,370,5.71,20,20.0,17.0,True
MC Lounge Роза,Премиум Напитки,Напиток Алая ночь,MC Lounge Роза,1.0,350,6,370,5.71,20,20.0,17.0,True
MC Lounge Роза,Премиум Напитки,Напиток Горизонт событий,MC Lounge Роза,1.0,350,6,370,5.71,20,20.0,17.0,True
MC Lounge Роза,Улун,Чай - Шоколадный улун,MC Lounge Роза,1.0,350,6,370,5.71,20,20.0,17.0,True
MC Lounge Роза,Шаурма,Шаурма Большая с курицей,MC Lounge Роза,1.0,350,6,370,5.71,20,20.0,17.0,True
MC Lounge Роза,Премиум Напитки,Напиток Испанская фиеста,MC Lounge Роза,1.0,320,6,340,6.25,20,20.0,17.0,True
MC Lounge Роза,Премиум Напитки,Напиток Лазурный берег,MC Lounge Роза,1.0,300,6,320,6.67,20,20.0,17.0,True
MC Lounge Роза,Черный чай,Чай - Фруктовый гламур,MC Lounge Роза,1.0,300,6,320,6.67,20,20.0,17.0,True
MC Lounge Роза,Пиво Б/А,"Пиво Stella Artois 0,45 Б/А",MC Lounge Роза,1.0,200,6,210,5.0,10,10.0,8.5,True
MC Lounge Роза,Мангалы,Кальян классический,MC Lounge Роза,67.0,1150,7,1250,8.7,100,6700.0,5695.0,True
MC Lounge Роза,Кальяны постоянникам,Кальян классический,MC Lounge Роза,38.0,750,7,800,6.67,50,1900.0,1615.0,False
MC Lounge Роза,Стафф,Кальян Персонал,MC Lounge Роза,85.0,280,7,300,7.14,20,1700.0,1445.0,False
MC Lounge Роза,Пиво,"Пиво Stella Artois 0,45",MC Lounge Роза,18.0,280,7,300,7.14,20,360.0,306.0,True
MC Lounge Роза,Услуги,Аренда VIP Комнаты,MC Lounge Роза,9.0,500,7,550,10.0,50,450.0,382.5,True
MC Lounge Роза,Улун,Чай - Да Хун Пау,MC Lounge Роза,7.0,550,7,600,9.09,50,350.0,297.5,True
MC Lounge Роза,Услуги,Сервисный сбор,MC Lounge Роза,32.0,100,7,110,10.0,10,320.0,272.0,True
MC Lounge Роза,Пиво,Пиво Хугарден 0.45,MC Lounge Роза,11.0,280,7,300,7.14,20,220.0,187.0,True
MC Lounge Роза,Пиво,"Пиво Ловенбрау  0,45",MC Lounge Роза,10.0,280,7,300,7.14,20,200.0,170.0,True
MC Lounge Роза,Красный чай,Наглый фрукт,MC Lounge Роза,6.0,450,7,480,6.67,30,180.0,153.0,True
MC Lounge Роза,Услуги,Сервисный сбор Премиум,MC Lounge Роза,9.0,300,7,320,6.67,20,180.0,153.0,True
MC Lounge Роза,Игры,Аренда PS 4 PRO,MC Lounge Роза,6.0,350,7,370,5.71,20,120.0,102.0,True
MC Lounge Роза,Улун,Чай - Те Гуань Инь 1 кат.,MC Lounge Роза,4.0,500,7,550,10.0,50,200.0,170.0,True
MC Lounge Роза,Премиум Напитки,Сэт Дубовый резерв,MC Lounge Роза,1.0,1800,7,1950,8.33,150,150.0,127.5,True
MC Lounge Роза,Пиво,"Пиво Эль Капулько 0,4",MC Lounge Роза,5.0,350,7,370,5.71,20,100.0,85.0,True
MC Lounge Роза,Пиво,Пиво Kozel темн. 0.45,MC Lounge Роза,4.0,280,7,300,7.14,20,80.0,68.0,True
MC Lounge Роза,Улун,Чай - Молочный улун,MC Lounge Роза,2.0,450,7,480,6.67,30,60.0,51.0,True
MC Lounge Роза,Лимонады,Лимонад на выбор 1л.,MC Lounge Роза,1.0,750,7,800,6.67,50,50.0,42.5,True
MC Lounge Роза,Премиум Напитки,Напиток Лаймовый бриз,MC Lounge Роза,2.0,350,7,370,5.71,20,40.0,34.0,True
MC Lounge Роза,Зеленый чай,Чай - Тайский синий,MC Lounge Роза,1.0,450,7,480,6.67,30,30.0,25.5,True
MC Lounge Роза,Пуэр,Чай - Шу Пуэр Дворцовый,MC Lounge Роза,1.0,450,7,480,6.67,30,30.0,25.5,True
MC Lounge Роза,Пуэр,Шен-Пуэр,MC Lounge Роза,1.0,450,7,480,6.67,30,30.0,25.5,True
MC Lounge Роза,Черный чай,Чай - Таёжный с мятой,MC Lounge Роза,1.0,450,7,480,6.67,30,30.0,25.5,True
MC Lounge Роза,Черный чай,Чай - Таёжный с ягодами,MC Lounge Роза,1.0,450,7,480,6.67,30,30.0,25.5,True
MC Lounge Роза,Премиум Напитки,Напиток Арктическая мята,MC Lounge Роза,1.0,400,7,430,7.5,30,30.0,25.5,True
MC Lounge Роза,Премиум Напитки,Напиток Солнечный импульс,MC Lounge Роза,2.0,200,7,210,5.0,10,20.0,17.0,True
MC Lounge Роза,Лимонады,Лимонад Классический Мохито,MC Lounge Роза,1.0,380,7,410,7.89,30,30.0,25.5,True
MC Lounge Роза,Зеленый чай,Чай - Белый пион,MC Lounge Роза,1.0,350,7,370,5.71,20,20.0,17.0,True
MC Lounge Роза,Лимонады,Клубничный мохито,MC Lounge Роза,1.0,350,7,370,5.71,20,20.0,17.0,True
MC Lounge Роза,Премиум Напитки,Напиток Алая ночь,MC Lounge Роза,1.0,350,7,370,5.71,20,20.0,17.0,True
MC Lounge Роза,Премиум Напитки,Напиток Горизонт событий,MC Lounge Роза,1.0,350,7,370,5.71,20,20.0,17.0,True
MC Lounge Роза,Улун,Чай - Шоколадный улун,MC Lounge Роза,1.0,350,7,370,5.71,20,20.0,17.0,True
MC Lounge Роза,Шаурма,Шаурма Большая с курицей,MC Lounge Роза,1.0,350,7,370,5.71,20,20.0,17.0,True
MC Lounge Роза,Премиум Напитки,Напиток Испанская фиеста,MC Lounge Роза,1.0,320,7,340,6.25,20,20.0,17.0,True
MC Lounge Роза,Премиум Напитки,Напиток Лазурный берег,MC Lounge Роза,1.0,300,7,320,6.67,20,20.0,17.0,True
MC Lounge Роза,Черный чай,Чай - Фруктовый гламур,MC Lounge Роза,1.0,300,7,320,6.67,20,20.0,17.0,True
MC Lounge Роза,Пиво Б/А,"Пиво Stella Artois 0,45 Б/А",MC Lounge Роза,1.0,200,7,210,5.0,10,10.0,8.5,True
MC Lounge Роза,Мангалы,Кальян классический,MC Lounge Роза,67.0,1150,8,1250,8.7,100,6700.0,5695.0,True
MC Lounge Роза,Кальяны постоянникам,Кальян классический,MC Lounge Роза,38.0,750,8,800,6.67,50,1900.0,1615.0,False
MC Lounge Роза,Стафф,Кальян Персонал,MC Lounge Роза,85.0,280,8,300,7.14,20,1700.0,1445.0,False
MC Lounge Роза,Пиво,"Пиво Stella Artois 0,45",MC Lounge Роза,18.0,280,8,300,7.14,20,360.0,306.0,True
MC Lounge Роза,Услуги,Аренда VIP Комнаты,MC Lounge Роза,9.0,500,8,550,10.0,50,450.0,382.5,True
MC Lounge Роза,Улун,Чай - Да Хун Пау,MC Lounge Роза,7.0,550,8,600,9.09,50,350.0,297.5,True
MC Lounge Роза,Услуги,Сервисный сбор,MC Lounge Роза,32.0,100,8,110,10.0,10,320.0,272.0,True
MC Lounge Роза,Пиво,Пиво Хугарден 0.45,MC Lounge Роза,11.0,280,8,300,7.14,20,220.0,187.0,True
MC Lounge Роза,Пиво,"Пиво Ловенбрау  0,45",MC Lounge Роза,10.0,280,8,300,7.14,20,200.0,170.0,True
MC Lounge Роза,Красный чай,Наглый фрукт,MC Lounge Роза,6.0,450,8,490,8.89,40,240.0,204.0,True
MC Lounge Роза,Услуги,Сервисный сбор Премиум,MC Lounge Роза,9.0,300,8,320,6.67,20,180.0,153.0,True
MC Lounge Роза,Игры,Аренда PS 4 PRO,MC Lounge Роза,6.0,350,8,380,8.57,30,180.0,153.0,True
MC Lounge Роза,Улун,Чай - Те Гуань Инь 1 кат.,MC Lounge Роза,4.0,500,8,550,10.0,50,200.0,170.0,True
MC Lounge Роза,Премиум Напитки,Сэт Дубовый резерв,MC Lounge Роза,1.0,1800,8,1950,8.33,150,150.0,127.5,True
MC Lounge Роза,Пиво,"Пиво Эль Капулько 0,4",MC Lounge Роза,5.0,350,8,380,8.57,30,150.0,127.5,True
MC Lounge Роза,Пиво,Пиво Kozel темн. 0.45,MC Lounge Роза,4.0,280,8,300,7.14,20,80.0,68.0,True
MC Lounge Роза,Улун,Чай - Молочный улун,MC Lounge Роза,2.0,450,8,490,8.89,40,80.0,68.0,True
MC Lounge Роза,Лимонады,Лимонад на выбор 1л.,MC Lounge Роза,1.0,750,8,800,6.67,50,50.0,42.5,True
MC Lounge Роза,Премиум Напитки,Напиток Лаймовый бриз,MC Lounge Роза,2.0,350,8,380,8.57,30,60.0,51.0,True
MC Lounge Роза,Зеленый чай,Чай - Тайский синий,MC Lounge Роза,1.0,450,8,490,8.89,40,40.0,34.0,True
MC Lounge Роза,Пуэр,Чай - Шу Пуэр Дворцовый,MC Lounge Роза,1.0,450,8,490,8.89,40,40.0,34.0,True
MC Lounge Роза,Пуэр,Шен-Пуэр,MC Lounge Роза,1.0,450,8,490,8.89,40,40.0,34.0,True
MC Lounge Роза,Черный чай,Чай - Таёжный с мятой,MC Lounge Роза,1.0,450,8,490,8.89,40,40.0,34.0,True
MC Lounge Роза,Черный чай,Чай - Таёжный с ягодами,MC Lounge Роза,1.0,450,8,490,8.89,40,40.0,34.0,True
MC Lounge Роза,Премиум Напитки,Напиток Арктическая мята,MC Lounge Роза,1.0,400,8,430,7.5,30,30.0,25.5,True
MC Lounge Роза,Премиум Напитки,Напиток Солнечный импульс,MC Lounge Роза,2.0,200,8,220,10.0,20,40.0,34.0,True
MC Lounge Роза,Лимонады,Лимонад Классический Мохито,MC Lounge Роза,1.0,380,8,410,7.89,30,30.0,25.5,True
MC Lounge Роза,Зеленый чай,Чай - Белый пион,MC Lounge Роза,1.0,350,8,380,8.57,30,30.0,25.5,True
MC Lounge Роза,Лимонады,Клубничный мохито,MC Lounge Роза,1.0,350,8,380,8.57,30,30.0,25.5,True
MC Lounge Роза,Премиум Напитки,Напиток Алая ночь,MC Lounge Роза,1.0,350,8,380,8.57,30,30.0,25.5,True
MC Lounge Роза,Премиум Напитки,Напиток Горизонт событий,MC Lounge Роза,1.0,350,8,380,8.57,30,30.0,25.5,True
MC Lounge Роза,Улун,Чай - Шоколадный улун,MC Lounge Роза,1.0,350,8,380,8.57,30,30.0,25.5,True
MC Lounge Роза,Шаурма,Шаурма Большая с курицей,MC Lounge Роза,1.0,350,8,380,8.57,30,30.0,25.5,True
MC Lounge Роза,Премиум Напитки,Напиток Испанская фиеста,MC Lounge Роза,1.0,320,8,350,9.38,30,30.0,25.5,True
MC Lounge Роза,Премиум Напитки,Напиток Лазурный берег,MC Lounge Роза,1.0,300,8,320,6.67,20,20.0,17.0,True
MC Lounge Роза,Черный чай,Чай - Фруктовый гламур,MC Lounge Роза,1.0,300,8,320,6.67,20,20.0,17.0,True
MC Lounge Роза,Пиво Б/А,"Пиво Stella Artois 0,45 Б/А",MC Lounge Роза,1.0,200,8,220,10.0,20,20.0,17.0,True
MC Lounge Роза,Мангалы,Кальян классический,MC Lounge Роза,67.0,1150,9,1250,8.7,100,6700.0,5695.0,True
MC Lounge Роза,Кальяны постоянникам,Кальян классический,MC Lounge Роза,38.0,750,9,800,6.67,50,1900.0,1615.0,False
MC Lounge Роза,Стафф,Кальян Персонал,MC Lounge Роза,85.0,280,9,310,10.71,30,2550.0,2167.5,False
MC Lounge Роза,Пиво,"Пиво Stella Artois 0,45",MC Lounge Роза,18.0,280,9,310,10.71,30,540.0,459.0,True
MC Lounge Роза,Услуги,Аренда VIP Комнаты,MC Lounge Роза,9.0,500,9,550,10.0,50,450.0,382.5,True
MC Lounge Роза,Улун,Чай - Да Хун Пау,MC Lounge Роза,7.0,550,9,600,9.09,50,350.0,297.5,True
MC Lounge Роза,Услуги,Сервисный сбор,MC Lounge Роза,32.0,100,9,110,10.0,10,320.0,272.0,True
MC Lounge Роза,Пиво,Пиво Хугарден 0.45,MC Lounge Роза,11.0,280,9,310,10.71,30,330.0,280.5,True
MC Lounge Роза,Пиво,"Пиво Ловенбрау  0,45",MC Lounge Роза,10.0,280,9,310,10.71,30,300.0,255.0,True
MC Lounge Роза,Красный чай,Наглый фрукт,MC Lounge Роза,6.0,450,9,490,8.89,40,240.0,204.0,True
MC Lounge Роза,Услуги,Сервисный сбор Премиум,MC Lounge Роза,9.0,300,9,330,10.0,30,270.0,229.5,True
MC Lounge Роза,Игры,Аренда PS 4 PRO,MC Lounge Роза,6.0,350,9,380,8.57,30,180.0,153.0,True
MC Lounge Роза,Улун,Чай - Те Гуань Инь 1 кат.,MC Lounge Роза,4.0,500,9,550,10.0,50,200.0,170.0,True
MC Lounge Роза,Премиум Напитки,Сэт Дубовый резерв,MC Lounge Роза,1.0,1800,9,1950,8.33,150,150.0,127.5,True
MC Lounge Роза,Пиво,"Пиво Эль Капулько 0,4",MC Lounge Роза,5.0,350,9,380,8.57,30,150.0,127.5,True
MC Lounge Роза,Пиво,Пиво Kozel темн. 0.45,MC Lounge Роза,4.0,280,9,310,10.71,30,120.0,102.0,True
MC Lounge Роза,Улун,Чай - Молочный улун,MC Lounge Роза,2.0,450,9,490,8.89,40,80.0,68.0,True
MC Lounge Роза,Лимонады,Лимонад на выбор 1л.,MC Lounge Роза,1.0,750,9,800,6.67,50,50.0,42.5,True
MC Lounge Роза,Премиум Напитки,Напиток Лаймовый бриз,MC Lounge Роза,2.0,350,9,380,8.57,30,60.0,51.0,True
MC Lounge Роза,Зеленый чай,Чай - Тайский синий,MC Lounge Роза,1.0,450,9,490,8.89,40,40.0,34.0,True
MC Lounge Роза,Пуэр,Чай - Шу Пуэр Дворцовый,MC Lounge Роза,1.0,450,9,490,8.89,40,40.0,34.0,True
MC Lounge Роза,Пуэр,Шен-Пуэр,MC Lounge Роза,1.0,450,9,490,8.89,40,40.0,34.0,True
MC Lounge Роза,Черный чай,Чай - Таёжный с мятой,MC Lounge Роза,1.0,450,9,490,8.89,40,40.0,34.0,True
MC Lounge Роза,Черный чай,Чай - Таёжный с ягодами,MC Lounge Роза,1.0,450,9,490,8.89,40,40.0,34.0,True
MC Lounge Роза,Премиум Напитки,Напиток Арктическая мята,MC Lounge Роза,1.0,400,9,440,10.0,40,40.0,34.0,True
MC Lounge Роза,Премиум Напитки,Напиток Солнечный импульс,MC Lounge Роза,2.0,200,9,220,10.0,20,40.0,34.0,True
MC Lounge Роза,Лимонады,Лимонад Классический Мохито,MC Lounge Роза,1.0,380,9,410,7.89,30,30.0,25.5,True
MC Lounge Роза,Зеленый чай,Чай - Белый пион,MC Lounge Роза,1.0,350,9,380,8.57,30,30.0,25.5,True
MC Lounge Роза,Лимонады,Клубничный мохито,MC Lounge Роза,1.0,350,9,380,8.57,30,30.0,25.5,True
MC Lounge Роза,Премиум Напитки,Напиток Алая ночь,MC Lounge Роза,1.0,350,9,380,8.57,30,30.0,25.5,True
MC Lounge Роза,Премиум Напитки,Напиток Горизонт событий,MC Lounge Роза,1.0,350,9,380,8.57,30,30.0,25.5,True
MC Lounge Роза,Улун,Чай - Шоколадный улун,MC Lounge Роза,1.0,350,9,380,8.57,30,30.0,25.5,True
MC Lounge Роза,Шаурма,Шаурма Большая с курицей,MC Lounge Роза,1.0,350,9,380,8.57,30,30.0,25.5,True
MC Lounge Роза,Премиум Напитки,Напиток Испанская фиеста,MC Lounge Роза,1.0,320,9,350,9.38,30,30.0,25.5,True
MC Lounge Роза,Премиум Напитки,Напиток Лазурный берег,MC Lounge Роза,1.0,300,9,330,10.0,30,30.0,25.5,True
MC Lounge Роза,Черный чай,Чай - Фруктовый гламур,MC Lounge Роза,1.0,300,9,330,10.0,30,30.0,25.5,True
MC Lounge Роза,Пиво Б/А,"Пиво Stella Artois 0,45 Б/А",MC Lounge Роза,1.0,200,9,220,10.0,20,20.0,17.0,True
MC Lounge Роза,Мангалы,Кальян классический,MC Lounge Роза,67.0,1150,10,1250,8.7,100,6700.0,5695.0,True
MC Lounge Роза,Кальяны постоянникам,Кальян классический,MC Lounge Роза,38.0,750,10,850,13.33,100,3800.0,3230.0,False
MC Lounge Роза,Стафф,Кальян Персонал,MC Lounge Роза,85.0,280,10,310,10.71,30,2550.0,2167.5,False
MC Lounge Роза,Пиво,"Пиво Stella Artois 0,45",MC Lounge Роза,18.0,280,10,310,10.71,30,540.0,459.0,True
MC Lounge Роза,Услуги,Аренда VIP Комнаты,MC Lounge Роза,9.0,500,10,550,10.0,50,450.0,382.5,True
MC Lounge Роза,Улун,Чай - Да Хун Пау,MC Lounge Роза,7.0,550,10,600,9.09,50,350.0,297.5,True
MC Lounge Роза,Услуги,Сервисный сбор,MC Lounge Роза,32.0,100,10,110,10.0,10,320.0,272.0,True
MC Lounge Роза,Пиво,Пиво Хугарден 0.45,MC Lounge Роза,11.0,280,10,310,10.71,30,330.0,280.5,True
MC Lounge Роза,Пиво,"Пиво Ловенбрау  0,45",MC Lounge Роза,10.0,280,10,310,10.71,30,300.0,255.0,True
MC Lounge Роза,Красный чай,Наглый фрукт,MC Lounge Роза,6.0,450,10,500,11.11,50,300.0,255.0,True
MC Lounge Роза,Услуги,Сервисный сбор Премиум,MC Lounge Роза,9.0,300,10,330,10.0,30,270.0,229.5,True
MC Lounge Роза,Игры,Аренда PS 4 PRO,MC Lounge Роза,6.0,350,10,390,11.43,40,240.0,204.0,True
MC Lounge Роза,Улун,Чай - Те Гуань Инь 1 кат.,MC Lounge Роза,4.0,500,10,550,10.0,50,200.0,170.0,True
MC Lounge Роза,Премиум Напитки,Сэт Дубовый резерв,MC Lounge Роза,1.0,1800,10,2000,11.11,200,200.0,170.0,True
MC Lounge Роза,Пиво,"Пиво Эль Капулько 0,4",MC Lounge Роза,5.0,350,10,390,11.43,40,200.0,170.0,True
MC Lounge Роза,Пиво,Пиво Kozel темн. 0.45,MC Lounge Роза,4.0,280,10,310,10.71,30,120.0,102.0,True
MC Lounge Роза,Улун,Чай - Молочный улун,MC Lounge Роза,2.0,450,10,500,11.11,50,100.0,85.0,True
MC Lounge Роза,Лимонады,Лимонад на выбор 1л.,MC Lounge Роза,1.0,750,10,850,13.33,100,100.0,85.0,True
MC Lounge Роза,Премиум Напитки,Напиток Лаймовый бриз,MC Lounge Роза,2.0,350,10,390,11.43,40,80.0,68.0,True
MC Lounge Роза,Зеленый чай,Чай - Тайский синий,MC Lounge Роза,1.0,450,10,500,11.11,50,50.0,42.5,True
MC Lounge Роза,Пуэр,Чай - Шу Пуэр Дворцовый,MC Lounge Роза,1.0,450,10,500,11.11,50,50.0,42.5,True
MC Lounge Роза,Пуэр,Шен-Пуэр,MC Lounge Роза,1.0,450,10,500,11.11,50,50.0,42.5,True
MC Lounge Роза,Черный чай,Чай - Таёжный с мятой,MC Lounge Роза,1.0,450,10,500,11.11,50,50.0,42.5,True
MC Lounge Роза,Черный чай,Чай - Таёжный с ягодами,MC Lounge Роза,1.0,450,10,500,11.11,50,50.0,42.5,True
MC Lounge Роза,Премиум Напитки,Напиток Арктическая мята,MC Lounge Роза,1.0,400,10,440,10.0,40,40.0,34.0,True
MC Lounge Роза,Премиум Напитки,Напиток Солнечный импульс,MC Lounge Роза,2.0,200,10,220,10.0,20,40.0,34.0,True
MC Lounge Роза,Лимонады,Лимонад Классический Мохито,MC Lounge Роза,1.0,380,10,420,10.53,40,40.0,34.0,True
MC Lounge Роза,Зеленый чай,Чай - Белый пион,MC Lounge Роза,1.0,350,10,390,11.43,40,40.0,34.0,True
MC Lounge Роза,Лимонады,Клубничный мохито,MC Lounge Роза,1.0,350,10,390,11.43,40,40.0,34.0,True
MC Lounge Роза,Премиум Напитки,Напиток Алая ночь,MC Lounge Роза,1.0,350,10,390,11.43,40,40.0,34.0,True
MC Lounge Роза,Премиум Напитки,Напиток Горизонт событий,MC Lounge Роза,1.0,350,10,390,11.43,40,40.0,34.0,True
MC Lounge Роза,Улун,Чай - Шоколадный улун,MC Lounge Роза,1.0,350,10,390,11.43,40,40.0,34.0,True
MC Lounge Роза,Шаурма,Шаурма Большая с курицей,MC Lounge Роза,1.0,350,10,390,11.43,40,40.0,34.0,True
MC Lounge Роза,Премиум Напитки,Напиток Испанская фиеста,MC Lounge Роза,1.0,320,10,350,9.38,30,30.0,25.5,True
MC Lounge Роза,Премиум Напитки,Напиток Лазурный берег,MC Lounge Роза,1.0,300,10,330,10.0,30,30.0,25.5,True
MC Lounge Роза,Черный чай,Чай - Фруктовый гламур,MC Lounge Роза,1.0,300,10,330,10.0,30,30.0,25.5,True
MC Lounge Роза,Пиво Б/А,"Пиво Stella Artois 0,45 Б/А",MC Lounge Роза,1.0,200,10,220,10.0,20,20.0,17.0,True
MC Гранд,Блюда и закуски,Паста карбонара,MC Гранд,48.0,370,5,390,5.41,20,960.0,816.0,True
MC Гранд,Салаты,Цезарь с курицей,MC Гранд,24.0,360,5,380,5.56,20,480.0,408.0,True
MC Гранд,Кофе,Капучино,MC Гранд,44.0,180,5,190,5.56,10,440.0,374.0,True
MC Гранд,Салаты,Цезарь с тигровыми креветками,MC Гранд,16.0,430,5,450,4.65,20,320.0,272.0,True
MC Гранд,Кофе,Американо,MC Гранд,40.0,150,5,160,6.67,10,400.0,340.0,True
MC Гранд,Завтраки,"Яичница-глазунья, тост с ветчиной и сыром, чай",MC Гранд,19.0,280,5,290,3.57,10,190.0,161.5,True
MC Гранд,Блюда и закуски,Паста фетучини с курицей и грибами,MC Гранд,12.0,420,5,440,4.76,20,240.0,204.0,True
MC Гранд,Пицца,Мясная,MC Гранд,6.0,800,5,850,6.25,50,300.0,255.0,True
MC Гранд,Кофе,Латте,MC Гранд,21.0,190,5,200,5.26,10,210.0,178.5,True
MC Гранд,Салаты,Греческий,MC Гранд,11.0,330,5,350,6.06,20,220.0,187.0,True
MC Гранд,Лимонады,Мохито,MC Гранд,12.0,300,5,320,6.67,20,240.0,204.0,True
MC Гранд,Авторский чай,Облепиховый с имбирем,MC Гранд,9.0,350,5,370,5.71,20,180.0,153.0,True
MC Гранд,Пицца,Хачапури по-аджарски,MC Гранд,6.0,500,5,550,10.0,50,300.0,255.0,True
MC Гранд,Салаты,Французский,MC Гранд,7.0,350,5,370,5.71,20,140.0,119.0,True
MC Гранд,Блюда и закуски,Нагетсы,MC Гранд,9.0,270,5,280,3.7,10,90.0,76.5,True
MC Гранд,Десерты,Чизкейк Фисташковый,MC Гранд,10.0,220,5,230,4.55,10,100.0,85.0,True
MC Гранд,Милкшейки,Ванильная жвачка,MC Гранд,6.0,320,5,340,6.25,20,120.0,102.0,True
MC Гранд,Милкшейки,Snickers,MC Гранд,5.0,380,5,400,5.26,20,100.0,85.0,True
MC Гранд,Лимонады,Апельсин-манго,MC Гранд,7.0,270,5,280,3.7,10,70.0,59.5,True
MC Гранд,Завтраки,"Омлет классический, тост с ветчиной, чай",MC Гранд,7.0,250,5,260,4.0,10,70.0,59.5,True
MC Гранд,Завтраки,"Сэндвич с курицей, беконом и свежими овощами",MC Гранд,7.0,250,5,260,4.0,10,70.0,59.5,True
MC Гранд,Завтраки,"Омлет с зеленью, сыром Моцарелла и черри, тост, чай",MC Гранд,6.0,280,5,290,3.57,10,60.0,51.0,True
MC Гранд,Кофе,Раф Лавандовый,MC Гранд,8.0,210,5,220,4.76,10,80.0,68.0,True
MC Гранд,Лимонады,Румба,MC Гранд,6.0,270,5,280,3.7,10,60.0,51.0,True
MC Гранд,Блюда и закуски,Картофель фри,MC Гранд,8.0,200,5,210,5.0,10,80.0,68.0,True
MC Гранд,Пицца,Пепперони,MC Гранд,2.0,750,5,800,6.67,50,100.0,85.0,True
MC Гранд,Пицца,Пицца Цыпленок Ранч,MC Гранд,2.0,750,5,800,6.67,50,100.0,85.0,True
MC Гранд,Десерты,Чизкейк Нью-Йорк,MC Гранд,7.0,210,5,220,4.76,10,70.0,59.5,True
MC Гранд,Десерты,Чизкейк Сникерс,MC Гранд,6.0,230,5,240,4.35,10,60.0,51.0,True
MC Гранд,Кофе,Горячий Шоколад,MC Гранд,7.0,180,5,190,5.56,10,70.0,59.5,True
MC Гранд,Блюда и закуски,Долма говядиной,MC Гранд,5.0,250,5,260,4.0,10,50.0,42.5,True
MC Гранд,Чай 1л,Грезы султана,MC Гранд,5.0,250,5,260,4.0,10,50.0,42.5,True
MC Гранд,Чай 1л,Лимонник,MC Гранд,5.0,250,5,260,4.0,10,50.0,42.5,True
MC Гранд,Завтраки,"Сэндвич с ветчиной, сыром и свежими овощами",MC Гранд,5.0,220,5,230,4.55,10,50.0,42.5,True
MC Гранд,Блюда и закуски,Онигири со снежным крабом,MC Гранд,6.0,180,5,190,5.56,10,60.0,51.0,True
MC Гранд,Кофе,Раф Bubble gum,MC Гранд,4.0,210,5,220,4.76,10,40.0,34.0,True
MC Гранд,Чай 1л,Глинтвейн,MC Гранд,2.0,420,5,440,4.76,20,40.0,34.0,True
MC Гранд,Лимонады,Клубничная-жвачка,MC Гранд,3.0,250,5,260,4.0,10,30.0,25.5,True
MC Гранд,Напитки ГРАНТ,Мэйсон,MC Гранд,4.0,170,5,180,5.88,10,40.0,34.0,True
MC Гранд,Милкшейки,Пина колада,MC Гранд,2.0,330,5,350,6.06,20,40.0,34.0,True
MC Гранд,Напитки ГРАНТ,Пульс АП,MC Гранд,5.0,120,5,130,8.33,10,50.0,42.5,True
MC Гранд,Напитки ГРАНТ,Газ вода 0.33,MC Гранд,6.0,90,5,100,11.11,10,60.0,51.0,True
MC Гранд,Чай 1л,Таежный,MC Гранд,2.0,250,5,260,4.0,10,20.0,17.0,True
MC Гранд,Авторский чай,Клюквенный с тимьяном,MC Гранд,1.0,390,5,410,5.13,20,20.0,17.0,True
MC Гранд,Милкшейки,Bounty,MC Гранд,1.0,380,5,400,5.26,20,20.0,17.0,True
MC Гранд,Милкшейки,M&MS,MC Гранд,1.0,380,5,400,5.26,20,20.0,17.0,True
MC Гранд,Авторский чай,Ромашковый с медовым персиком,MC Гранд,1.0,350,5,370,5.71,20,20.0,17.0,True
MC Гранд,Напитки ГРАНТ,Ла Коста,MC Гранд,2.0,150,5,160,6.67,10,20.0,17.0,True
MC Гранд,Лимонады,Электро-Колада,MC Гранд,1.0,290,5,300,3.45,10,10.0,8.5,True
MC Гранд,Лимонады,Тропический,MC Гранд,1.0,270,5,280,3.7,10,10.0,8.5,True
MC Гранд,Напитки ГРАНТ,Fresh Bar Cola,MC Гранд,3.0,80,5,90,12.5,10,30.0,25.5,True
MC Гранд,Кофе,Флэт Уайт,MC Гранд,1.0,190,5,200,5.26,10,10.0,8.5,True
MC Гранд,Напитки ГРАНТ,Чай пакетированный,MC Гранд,6.0,30,5,40,33.33,10,60.0,51.0,True
MC Гранд,Напитки ГРАНТ,Компот,MC Гранд,4.0,40,5,50,25.0,10,40.0,34.0,True
MC Гранд,Кофе,Эспрессо,MC Гранд,1.0,140,5,150,7.14,10,10.0,8.5,True
MC Гранд,Напитки ГРАНТ,Вода Черноголовка негаз 0.5л,MC Гранд,2.0,70,5,80,14.29,10,20.0,17.0,True
MC Гранд,Напитки ГРАНТ,Вулкан,MC Гранд,1.0,140,5,150,7.14,10,10.0,8.5,True
MC Гранд,Напитки ГРАНТ,Сок в стакане,MC Гранд,2.0,40,5,50,25.0,10,20.0,17.0,True
MC Гранд,Напитки ГРАНТ,Экспорт Стайл Кола 0.5л,MC Гранд,1.0,80,5,90,12.5,10,10.0,8.5,True
MC Гранд,Блюда и закуски,Паста карбонара,MC Гранд,48.0,370,6,390,5.41,20,960.0,816.0,True
MC Гранд,Салаты,Цезарь с курицей,MC Гранд,24.0,360,6,380,5.56,20,480.0,408.0,True
MC Гранд,Кофе,Капучино,MC Гранд,44.0,180,6,190,5.56,10,440.0,374.0,True
MC Гранд,Салаты,Цезарь с тигровыми креветками,MC Гранд,16.0,430,6,460,6.98,30,480.0,408.0,True
MC Гранд,Кофе,Американо,MC Гранд,40.0,150,6,160,6.67,10,400.0,340.0,True
MC Гранд,Завтраки,"Яичница-глазунья, тост с ветчиной и сыром, чай",MC Гранд,19.0,280,6,300,7.14,20,380.0,323.0,True
MC Гранд,Блюда и закуски,Паста фетучини с курицей и грибами,MC Гранд,12.0,420,6,450,7.14,30,360.0,306.0,True
MC Гранд,Пицца,Мясная,MC Гранд,6.0,800,6,850,6.25,50,300.0,255.0,True
MC Гранд,Кофе,Латте,MC Гранд,21.0,190,6,200,5.26,10,210.0,178.5,True
MC Гранд,Салаты,Греческий,MC Гранд,11.0,330,6,350,6.06,20,220.0,187.0,True
MC Гранд,Лимонады,Мохито,MC Гранд,12.0,300,6,320,6.67,20,240.0,204.0,True
MC Гранд,Авторский чай,Облепиховый с имбирем,MC Гранд,9.0,350,6,370,5.71,20,180.0,153.0,True
MC Гранд,Пицца,Хачапури по-аджарски,MC Гранд,6.0,500,6,550,10.0,50,300.0,255.0,True
MC Гранд,Салаты,Французский,MC Гранд,7.0,350,6,370,5.71,20,140.0,119.0,True
MC Гранд,Блюда и закуски,Нагетсы,MC Гранд,9.0,270,6,290,7.41,20,180.0,153.0,True
MC Гранд,Десерты,Чизкейк Фисташковый,MC Гранд,10.0,220,6,230,4.55,10,100.0,85.0,True
MC Гранд,Милкшейки,Ванильная жвачка,MC Гранд,6.0,320,6,340,6.25,20,120.0,102.0,True
MC Гранд,Милкшейки,Snickers,MC Гранд,5.0,380,6,400,5.26,20,100.0,85.0,True
MC Гранд,Лимонады,Апельсин-манго,MC Гранд,7.0,270,6,290,7.41,20,140.0,119.0,True
MC Гранд,Завтраки,"Омлет классический, тост с ветчиной, чай",MC Гранд,7.0,250,6,260,4.0,10,70.0,59.5,True
MC Гранд,Завтраки,"Сэндвич с курицей, беконом и свежими овощами",MC Гранд,7.0,250,6,260,4.0,10,70.0,59.5,True
MC Гранд,Завтраки,"Омлет с зеленью, сыром Моцарелла и черри, тост, чай",MC Гранд,6.0,280,6,300,7.14,20,120.0,102.0,True
MC Гранд,Кофе,Раф Лавандовый,MC Гранд,8.0,210,6,220,4.76,10,80.0,68.0,True
MC Гранд,Лимонады,Румба,MC Гранд,6.0,270,6,290,7.41,20,120.0,102.0,True
MC Гранд,Блюда и закуски,Картофель фри,MC Гранд,8.0,200,6,210,5.0,10,80.0,68.0,True
MC Гранд,Пицца,Пепперони,MC Гранд,2.0,750,6,800,6.67,50,100.0,85.0,True
MC Гранд,Пицца,Пицца Цыпленок Ранч,MC Гранд,2.0,750,6,800,6.67,50,100.0,85.0,True
MC Гранд,Десерты,Чизкейк Нью-Йорк,MC Гранд,7.0,210,6,220,4.76,10,70.0,59.5,True
MC Гранд,Десерты,Чизкейк Сникерс,MC Гранд,6.0,230,6,240,4.35,10,60.0,51.0,True
MC Гранд,Кофе,Горячий Шоколад,MC Гранд,7.0,180,6,190,5.56,10,70.0,59.5,True
MC Гранд,Блюда и закуски,Долма говядиной,MC Гранд,5.0,250,6,260,4.0,10,50.0,42.5,True
MC Гранд,Чай 1л,Грезы султана,MC Гранд,5.0,250,6,260,4.0,10,50.0,42.5,True
MC Гранд,Чай 1л,Лимонник,MC Гранд,5.0,250,6,260,4.0,10,50.0,42.5,True
MC Гранд,Завтраки,"Сэндвич с ветчиной, сыром и свежими овощами",MC Гранд,5.0,220,6,230,4.55,10,50.0,42.5,True
MC Гранд,Блюда и закуски,Онигири со снежным крабом,MC Гранд,6.0,180,6,190,5.56,10,60.0,51.0,True
MC Гранд,Кофе,Раф Bubble gum,MC Гранд,4.0,210,6,220,4.76,10,40.0,34.0,True
MC Гранд,Чай 1л,Глинтвейн,MC Гранд,2.0,420,6,450,7.14,30,60.0,51.0,True
MC Гранд,Лимонады,Клубничная-жвачка,MC Гранд,3.0,250,6,260,4.0,10,30.0,25.5,True
MC Гранд,Напитки ГРАНТ,Мэйсон,MC Гранд,4.0,170,6,180,5.88,10,40.0,34.0,True
MC Гранд,Милкшейки,Пина колада,MC Гранд,2.0,330,6,350,6.06,20,40.0,34.0,True
MC Гранд,Напитки ГРАНТ,Пульс АП,MC Гранд,5.0,120,6,130,8.33,10,50.0,42.5,True
MC Гранд,Напитки ГРАНТ,Газ вода 0.33,MC Гранд,6.0,90,6,100,11.11,10,60.0,51.0,True
MC Гранд,Чай 1л,Таежный,MC Гранд,2.0,250,6,260,4.0,10,20.0,17.0,True
MC Гранд,Авторский чай,Клюквенный с тимьяном,MC Гранд,1.0,390,6,410,5.13,20,20.0,17.0,True
MC Гранд,Милкшейки,Bounty,MC Гранд,1.0,380,6,400,5.26,20,20.0,17.0,True
MC Гранд,Милкшейки,M&MS,MC Гранд,1.0,380,6,400,5.26,20,20.0,17.0,True
MC Гранд,Авторский чай,Ромашковый с медовым персиком,MC Гранд,1.0,350,6,370,5.71,20,20.0,17.0,True
MC Гранд,Напитки ГРАНТ,Ла Коста,MC Гранд,2.0,150,6,160,6.67,10,20.0,17.0,True
MC Гранд,Лимонады,Электро-Колада,MC Гранд,1.0,290,6,310,6.9,20,20.0,17.0,True
MC Гранд,Лимонады,Тропический,MC Гранд,1.0,270,6,290,7.41,20,20.0,17.0,True
MC Гранд,Напитки ГРАНТ,Fresh Bar Cola,MC Гранд,3.0,80,6,90,12.5,10,30.0,25.5,True
MC Гранд,Кофе,Флэт Уайт,MC Гранд,1.0,190,6,200,5.26,10,10.0,8.5,True
MC Гранд,Напитки ГРАНТ,Чай пакетированный,MC Гранд,6.0,30,6,40,33.33,10,60.0,51.0,True
MC Гранд,Напитки ГРАНТ,Компот,MC Гранд,4.0,40,6,50,25.0,10,40.0,34.0,True
MC Гранд,Кофе,Эспрессо,MC Гранд,1.0,140,6,150,7.14,10,10.0,8.5,True
MC Гранд,Напитки ГРАНТ,Вода Черноголовка негаз 0.5л,MC Гранд,2.0,70,6,80,14.29,10,20.0,17.0,True
MC Гранд,Напитки ГРАНТ,Вулкан,MC Гранд,1.0,140,6,150,7.14,10,10.0,8.5,True
MC Гранд,Напитки ГРАНТ,Сок в стакане,MC Гранд,2.0,40,6,50,25.0,10,20.0,17.0,True
MC Гранд,Напитки ГРАНТ,Экспорт Стайл Кола 0.5л,MC Гранд,1.0,80,6,90,12.5,10,10.0,8.5,True
MC Гранд,Блюда и закуски,Паста карбонара,MC Гранд,48.0,370,7,400,8.11,30,1440.0,1224.0,True
MC Гранд,Салаты,Цезарь с курицей,MC Гранд,24.0,360,7,390,8.33,30,720.0,612.0,True
MC Гранд,Кофе,Капучино,MC Гранд,44.0,180,7,190,5.56,10,440.0,374.0,True
MC Гранд,Салаты,Цезарь с тигровыми креветками,MC Гранд,16.0,430,7,460,6.98,30,480.0,408.0,True
MC Гранд,Кофе,Американо,MC Гранд,40.0,150,7,160,6.67,10,400.0,340.0,True
MC Гранд,Завтраки,"Яичница-глазунья, тост с ветчиной и сыром, чай",MC Гранд,19.0,280,7,300,7.14,20,380.0,323.0,True
MC Гранд,Блюда и закуски,Паста фетучини с курицей и грибами,MC Гранд,12.0,420,7,450,7.14,30,360.0,306.0,True
MC Гранд,Пицца,Мясная,MC Гранд,6.0,800,7,850,6.25,50,300.0,255.0,True
MC Гранд,Кофе,Латте,MC Гранд,21.0,190,7,200,5.26,10,210.0,178.5,True
MC Гранд,Салаты,Греческий,MC Гранд,11.0,330,7,350,6.06,20,220.0,187.0,True
MC Гранд,Лимонады,Мохито,MC Гранд,12.0,300,7,320,6.67,20,240.0,204.0,True
MC Гранд,Авторский чай,Облепиховый с имбирем,MC Гранд,9.0,350,7,370,5.71,20,180.0,153.0,True
MC Гранд,Пицца,Хачапури по-аджарски,MC Гранд,6.0,500,7,550,10.0,50,300.0,255.0,True
MC Гранд,Салаты,Французский,MC Гранд,7.0,350,7,370,5.71,20,140.0,119.0,True
MC Гранд,Блюда и закуски,Нагетсы,MC Гранд,9.0,270,7,290,7.41,20,180.0,153.0,True
MC Гранд,Десерты,Чизкейк Фисташковый,MC Гранд,10.0,220,7,240,9.09,20,200.0,170.0,True
MC Гранд,Милкшейки,Ванильная жвачка,MC Гранд,6.0,320,7,340,6.25,20,120.0,102.0,True
MC Гранд,Милкшейки,Snickers,MC Гранд,5.0,380,7,410,7.89,30,150.0,127.5,True
MC Гранд,Лимонады,Апельсин-манго,MC Гранд,7.0,270,7,290,7.41,20,140.0,119.0,True
MC Гранд,Завтраки,"Омлет классический, тост с ветчиной, чай",MC Гранд,7.0,250,7,270,8.0,20,140.0,119.0,True
MC Гранд,Завтраки,"Сэндвич с курицей, беконом и свежими овощами",MC Гранд,7.0,250,7,270,8.0,20,140.0,119.0,True
MC Гранд,Завтраки,"Омлет с зеленью, сыром Моцарелла и черри, тост, чай",MC Гранд,6.0,280,7,300,7.14,20,120.0,102.0,True
MC Гранд,Кофе,Раф Лавандовый,MC Гранд,8.0,210,7,220,4.76,10,80.0,68.0,True
MC Гранд,Лимонады,Румба,MC Гранд,6.0,270,7,290,7.41,20,120.0,102.0,True
MC Гранд,Блюда и закуски,Картофель фри,MC Гранд,8.0,200,7,210,5.0,10,80.0,68.0,True
MC Гранд,Пицца,Пепперони,MC Гранд,2.0,750,7,800,6.67,50,100.0,85.0,True
MC Гранд,Пицца,Пицца Цыпленок Ранч,MC Гранд,2.0,750,7,800,6.67,50,100.0,85.0,True
MC Гранд,Десерты,Чизкейк Нью-Йорк,MC Гранд,7.0,210,7,220,4.76,10,70.0,59.5,True
MC Гранд,Десерты,Чизкейк Сникерс,MC Гранд,6.0,230,7,250,8.7,20,120.0,102.0,True
MC Гранд,Кофе,Горячий Шоколад,MC Гранд,7.0,180,7,190,5.56,10,70.0,59.5,True
MC Гранд,Блюда и закуски,Долма говядиной,MC Гранд,5.0,250,7,270,8.0,20,100.0,85.0,True
MC Гранд,Чай 1л,Грезы султана,MC Гранд,5.0,250,7,270,8.0,20,100.0,85.0,True
MC Гранд,Чай 1л,Лимонник,MC Гранд,5.0,250,7,270,8.0,20,100.0,85.0,True
MC Гранд,Завтраки,"Сэндвич с ветчиной, сыром и свежими овощами",MC Гранд,5.0,220,7,240,9.09,20,100.0,85.0,True
MC Гранд,Блюда и закуски,Онигири со снежным крабом,MC Гранд,6.0,180,7,190,5.56,10,60.0,51.0,True
MC Гранд,Кофе,Раф Bubble gum,MC Гранд,4.0,210,7,220,4.76,10,40.0,34.0,True
MC Гранд,Чай 1л,Глинтвейн,MC Гранд,2.0,420,7,450,7.14,30,60.0,51.0,True
MC Гранд,Лимонады,Клубничная-жвачка,MC Гранд,3.0,250,7,270,8.0,20,60.0,51.0,True
MC Гранд,Напитки ГРАНТ,Мэйсон,MC Гранд,4.0,170,7,180,5.88,10,40.0,34.0,True
MC Гранд,Милкшейки,Пина колада,MC Гранд,2.0,330,7,350,6.06,20,40.0,34.0,True
MC Гранд,Напитки ГРАНТ,Пульс АП,MC Гранд,5.0,120,7,130,8.33,10,50.0,42.5,True
MC Гранд,Напитки ГРАНТ,Газ вода 0.33,MC Гранд,6.0,90,7,100,11.11,10,60.0,51.0,True
MC Гранд,Чай 1л,Таежный,MC Гранд,2.0,250,7,270,8.0,20,40.0,34.0,True
MC Гранд,Авторский чай,Клюквенный с тимьяном,MC Гранд,1.0,390,7,420,7.69,30,30.0,25.5,True
MC Гранд,Милкшейки,Bounty,MC Гранд,1.0,380,7,410,7.89,30,30.0,25.5,True
MC Гранд,Милкшейки,M&MS,MC Гранд,1.0,380,7,410,7.89,30,30.0,25.5,True
MC Гранд,Авторский чай,Ромашковый с медовым персиком,MC Гранд,1.0,350,7,370,5.71,20,20.0,17.0,True
MC Гранд,Напитки ГРАНТ,Ла Коста,MC Гранд,2.0,150,7,160,6.67,10,20.0,17.0,True
MC Гранд,Лимонады,Электро-Колада,MC Гранд,1.0,290,7,310,6.9,20,20.0,17.0,True
MC Гранд,Лимонады,Тропический,MC Гранд,1.0,270,7,290,7.41,20,20.0,17.0,True
MC Гранд,Напитки ГРАНТ,Fresh Bar Cola,MC Гранд,3.0,80,7,90,12.5,10,30.0,25.5,True
MC Гранд,Кофе,Флэт Уайт,MC Гранд,1.0,190,7,200,5.26,10,10.0,8.5,True
MC Гранд,Напитки ГРАНТ,Чай пакетированный,MC Гранд,6.0,30,7,40,33.33,10,60.0,51.0,True
MC Гранд,Напитки ГРАНТ,Компот,MC Гранд,4.0,40,7,50,25.0,10,40.0,34.0,True
MC Гранд,Кофе,Эспрессо,MC Гранд,1.0,140,7,150,7.14,10,10.0,8.5,True
MC Гранд,Напитки ГРАНТ,Вода Черноголовка негаз 0.5л,MC Гранд,2.0,70,7,80,14.29,10,20.0,17.0,True
MC Гранд,Напитки ГРАНТ,Вулкан,MC Гранд,1.0,140,7,150,7.14,10,10.0,8.5,True
MC Гранд,Напитки ГРАНТ,Сок в стакане,MC Гранд,2.0,40,7,50,25.0,10,20.0,17.0,True
MC Гранд,Напитки ГРАНТ,Экспорт Стайл Кола 0.5л,MC Гранд,1.0,80,7,90,12.5,10,10.0,8.5,True
MC Гранд,Блюда и закуски,Паста карбонара,MC Гранд,48.0,370,8,400,8.11,30,1440.0,1224.0,True
MC Гранд,Салаты,Цезарь с курицей,MC Гранд,24.0,360,8,390,8.33,30,720.0,612.0,True
MC Гранд,Кофе,Капучино,MC Гранд,44.0,180,8,190,5.56,10,440.0,374.0,True
MC Гранд,Салаты,Цезарь с тигровыми креветками,MC Гранд,16.0,430,8,460,6.98,30,480.0,408.0,True
MC Гранд,Кофе,Американо,MC Гранд,40.0,150,8,160,6.67,10,400.0,340.0,True
MC Гранд,Завтраки,"Яичница-глазунья, тост с ветчиной и сыром, чай",MC Гранд,19.0,280,8,300,7.14,20,380.0,323.0,True
MC Гранд,Блюда и закуски,Паста фетучини с курицей и грибами,MC Гранд,12.0,420,8,450,7.14,30,360.0,306.0,True
MC Гранд,Пицца,Мясная,MC Гранд,6.0,800,8,850,6.25,50,300.0,255.0,True
MC Гранд,Кофе,Латте,MC Гранд,21.0,190,8,210,10.53,20,420.0,357.0,True
MC Гранд,Салаты,Греческий,MC Гранд,11.0,330,8,360,9.09,30,330.0,280.5,True
MC Гранд,Лимонады,Мохито,MC Гранд,12.0,300,8,320,6.67,20,240.0,204.0,True
MC Гранд,Авторский чай,Облепиховый с имбирем,MC Гранд,9.0,350,8,380,8.57,30,270.0,229.5,True
MC Гранд,Пицца,Хачапури по-аджарски,MC Гранд,6.0,500,8,550,10.0,50,300.0,255.0,True
MC Гранд,Салаты,Французский,MC Гранд,7.0,350,8,380,8.57,30,210.0,178.5,True
MC Гранд,Блюда и закуски,Нагетсы,MC Гранд,9.0,270,8,290,7.41,20,180.0,153.0,True
MC Гранд,Десерты,Чизкейк Фисташковый,MC Гранд,10.0,220,8,240,9.09,20,200.0,170.0,True
MC Гранд,Милкшейки,Ванильная жвачка,MC Гранд,6.0,320,8,350,9.38,30,180.0,153.0,True
MC Гранд,Милкшейки,Snickers,MC Гранд,5.0,380,8,410,7.89,30,150.0,127.5,True
MC Гранд,Лимонады,Апельсин-манго,MC Гранд,7.0,270,8,290,7.41,20,140.0,119.0,True
MC Гранд,Завтраки,"Омлет классический, тост с ветчиной, чай",MC Гранд,7.0,250,8,270,8.0,20,140.0,119.0,True
MC Гранд,Завтраки,"Сэндвич с курицей, беконом и свежими овощами",MC Гранд,7.0,250,8,270,8.0,20,140.0,119.0,True
MC Гранд,Завтраки,"Омлет с зеленью, сыром Моцарелла и черри, тост, чай",MC Гранд,6.0,280,8,300,7.14,20,120.0,102.0,True
MC Гранд,Кофе,Раф Лавандовый,MC Гранд,8.0,210,8,230,9.52,20,160.0,136.0,True
MC Гранд,Лимонады,Румба,MC Гранд,6.0,270,8,290,7.41,20,120.0,102.0,True
MC Гранд,Блюда и закуски,Картофель фри,MC Гранд,8.0,200,8,220,10.0,20,160.0,136.0,True
MC Гранд,Пицца,Пепперони,MC Гранд,2.0,750,8,800,6.67,50,100.0,85.0,True
MC Гранд,Пицца,Пицца Цыпленок Ранч,MC Гранд,2.0,750,8,800,6.67,50,100.0,85.0,True
MC Гранд,Десерты,Чизкейк Нью-Йорк,MC Гранд,7.0,210,8,230,9.52,20,140.0,119.0,True
MC Гранд,Десерты,Чизкейк Сникерс,MC Гранд,6.0,230,8,250,8.7,20,120.0,102.0,True
MC Гранд,Кофе,Горячий Шоколад,MC Гранд,7.0,180,8,190,5.56,10,70.0,59.5,True
MC Гранд,Блюда и закуски,Долма говядиной,MC Гранд,5.0,250,8,270,8.0,20,100.0,85.0,True
MC Гранд,Чай 1л,Грезы султана,MC Гранд,5.0,250,8,270,8.0,20,100.0,85.0,True
MC Гранд,Чай 1л,Лимонник,MC Гранд,5.0,250,8,270,8.0,20,100.0,85.0,True
MC Гранд,Завтраки,"Сэндвич с ветчиной, сыром и свежими овощами",MC Гранд,5.0,220,8,240,9.09,20,100.0,85.0,True
MC Гранд,Блюда и закуски,Онигири со снежным крабом,MC Гранд,6.0,180,8,190,5.56,10,60.0,51.0,True
MC Гранд,Кофе,Раф Bubble gum,MC Гранд,4.0,210,8,230,9.52,20,80.0,68.0,True
MC Гранд,Чай 1л,Глинтвейн,MC Гранд,2.0,420,8,450,7.14,30,60.0,51.0,True
MC Гранд,Лимонады,Клубничная-жвачка,MC Гранд,3.0,250,8,270,8.0,20,60.0,51.0,True
MC Гранд,Напитки ГРАНТ,Мэйсон,MC Гранд,4.0,170,8,180,5.88,10,40.0,34.0,True
MC Гранд,Милкшейки,Пина колада,MC Гранд,2.0,330,8,360,9.09,30,60.0,51.0,True
MC Гранд,Напитки ГРАНТ,Пульс АП,MC Гранд,5.0,120,8,130,8.33,10,50.0,42.5,True
MC Гранд,Напитки ГРАНТ,Газ вода 0.33,MC Гранд,6.0,90,8,100,11.11,10,60.0,51.0,True
MC Гранд,Чай 1л,Таежный,MC Гранд,2.0,250,8,270,8.0,20,40.0,34.0,True
MC Гранд,Авторский чай,Клюквенный с тимьяном,MC Гранд,1.0,390,8,420,7.69,30,30.0,25.5,True
MC Гранд,Милкшейки,Bounty,MC Гранд,1.0,380,8,410,7.89,30,30.0,25.5,True
MC Гранд,Милкшейки,M&MS,MC Гранд,1.0,380,8,410,7.89,30,30.0,25.5,True
MC Гранд,Авторский чай,Ромашковый с медовым персиком,MC Гранд,1.0,350,8,380,8.57,30,30.0,25.5,True
MC Гранд,Напитки ГРАНТ,Ла Коста,MC Гранд,2.0,150,8,160,6.67,10,20.0,17.0,True
MC Гранд,Лимонады,Электро-Колада,MC Гранд,1.0,290,8,310,6.9,20,20.0,17.0,True
MC Гранд,Лимонады,Тропический,MC Гранд,1.0,270,8,290,7.41,20,20.0,17.0,True
MC Гранд,Напитки ГРАНТ,Fresh Bar Cola,MC Гранд,3.0,80,8,90,12.5,10,30.0,25.5,True
MC Гранд,Кофе,Флэт Уайт,MC Гранд,1.0,190,8,210,10.53,20,20.0,17.0,True
MC Гранд,Напитки ГРАНТ,Чай пакетированный,MC Гранд,6.0,30,8,40,33.33,10,60.0,51.0,True
MC Гранд,Напитки ГРАНТ,Компот,MC Гранд,4.0,40,8,50,25.0,10,40.0,34.0,True
MC Гранд,Кофе,Эспрессо,MC Гранд,1.0,140,8,150,7.14,10,10.0,8.5,True
MC Гранд,Напитки ГРАНТ,Вода Черноголовка негаз 0.5л,MC Гранд,2.0,70,8,80,14.29,10,20.0,17.0,True
MC Гранд,Напитки ГРАНТ,Вулкан,MC Гранд,1.0,140,8,150,7.14,10,10.0,8.5,True
MC Гранд,Напитки ГРАНТ,Сок в стакане,MC Гранд,2.0,40,8,50,25.0,10,20.0,17.0,True
MC Гранд,Напитки ГРАНТ,Экспорт Стайл Кола 0.5л,MC Гранд,1.0,80,8,90,12.5,10,10.0,8.5,True
MC Гранд,Блюда и закуски,Паста карбонара,MC Гранд,48.0,370,9,400,8.11,30,1440.0,1224.0,True
MC Гранд,Салаты,Цезарь с курицей,MC Гранд,24.0,360,9,390,8.33,30,720.0,612.0,True
MC Гранд,Кофе,Капучино,MC Гранд,44.0,180,9,200,11.11,20,880.0,748.0,True
MC Гранд,Салаты,Цезарь с тигровыми креветками,MC Гранд,16.0,430,9,470,9.3,40,640.0,544.0,True
MC Гранд,Кофе,Американо,MC Гранд,40.0,150,9,160,6.67,10,400.0,340.0,True
MC Гранд,Завтраки,"Яичница-глазунья, тост с ветчиной и сыром, чай",MC Гранд,19.0,280,9,310,10.71,30,570.0,484.5,True
MC Гранд,Блюда и закуски,Паста фетучини с курицей и грибами,MC Гранд,12.0,420,9,460,9.52,40,480.0,408.0,True
MC Гранд,Пицца,Мясная,MC Гранд,6.0,800,9,850,6.25,50,300.0,255.0,True
MC Гранд,Кофе,Латте,MC Гранд,21.0,190,9,210,10.53,20,420.0,357.0,True
MC Гранд,Салаты,Греческий,MC Гранд,11.0,330,9,360,9.09,30,330.0,280.5,True
MC Гранд,Лимонады,Мохито,MC Гранд,12.0,300,9,330,10.0,30,360.0,306.0,True
MC Гранд,Авторский чай,Облепиховый с имбирем,MC Гранд,9.0,350,9,380,8.57,30,270.0,229.5,True
MC Гранд,Пицца,Хачапури по-аджарски,MC Гранд,6.0,500,9,550,10.0,50,300.0,255.0,True
MC Гранд,Салаты,Французский,MC Гранд,7.0,350,9,380,8.57,30,210.0,178.5,True
MC Гранд,Блюда и закуски,Нагетсы,MC Гранд,9.0,270,9,290,7.41,20,180.0,153.0,True
MC Гранд,Десерты,Чизкейк Фисташковый,MC Гранд,10.0,220,9,240,9.09,20,200.0,170.0,True
MC Гранд,Милкшейки,Ванильная жвачка,MC Гранд,6.0,320,9,350,9.38,30,180.0,153.0,True
MC Гранд,Милкшейки,Snickers,MC Гранд,5.0,380,9,410,7.89,30,150.0,127.5,True
MC Гранд,Лимонады,Апельсин-манго,MC Гранд,7.0,270,9,290,7.41,20,140.0,119.0,True
MC Гранд,Завтраки,"Омлет классический, тост с ветчиной, чай",MC Гранд,7.0,250,9,270,8.0,20,140.0,119.0,True
MC Гранд,Завтраки,"Сэндвич с курицей, беконом и свежими овощами",MC Гранд,7.0,250,9,270,8.0,20,140.0,119.0,True
MC Гранд,Завтраки,"Омлет с зеленью, сыром Моцарелла и черри, тост, чай",MC Гранд,6.0,280,9,310,10.71,30,180.0,153.0,True
MC Гранд,Кофе,Раф Лавандовый,MC Гранд,8.0,210,9,230,9.52,20,160.0,136.0,True
MC Гранд,Лимонады,Румба,MC Гранд,6.0,270,9,290,7.41,20,120.0,102.0,True
MC Гранд,Блюда и закуски,Картофель фри,MC Гранд,8.0,200,9,220,10.0,20,160.0,136.0,True
MC Гранд,Пицца,Пепперони,MC Гранд,2.0,750,9,800,6.67,50,100.0,85.0,True
MC Гранд,Пицца,Пицца Цыпленок Ранч,MC Гранд,2.0,750,9,800,6.67,50,100.0,85.0,True
MC Гранд,Десерты,Чизкейк Нью-Йорк,MC Гранд,7.0,210,9,230,9.52,20,140.0,119.0,True
MC Гранд,Десерты,Чизкейк Сникерс,MC Гранд,6.0,230,9,250,8.7,20,120.0,102.0,True
MC Гранд,Кофе,Горячий Шоколад,MC Гранд,7.0,180,9,200,11.11,20,140.0,119.0,True
MC Гранд,Блюда и закуски,Долма говядиной,MC Гранд,5.0,250,9,270,8.0,20,100.0,85.0,True
MC Гранд,Чай 1л,Грезы султана,MC Гранд,5.0,250,9,270,8.0,20,100.0,85.0,True
MC Гранд,Чай 1л,Лимонник,MC Гранд,5.0,250,9,270,8.0,20,100.0,85.0,True
MC Гранд,Завтраки,"Сэндвич с ветчиной, сыром и свежими овощами",MC Гранд,5.0,220,9,240,9.09,20,100.0,85.0,True
MC Гранд,Блюда и закуски,Онигири со снежным крабом,MC Гранд,6.0,180,9,200,11.11,20,120.0,102.0,True
MC Гранд,Кофе,Раф Bubble gum,MC Гранд,4.0,210,9,230,9.52,20,80.0,68.0,True
MC Гранд,Чай 1л,Глинтвейн,MC Гранд,2.0,420,9,460,9.52,40,80.0,68.0,True
MC Гранд,Лимонады,Клубничная-жвачка,MC Гранд,3.0,250,9,270,8.0,20,60.0,51.0,True
MC Гранд,Напитки ГРАНТ,Мэйсон,MC Гранд,4.0,170,9,190,11.76,20,80.0,68.0,True
MC Гранд,Милкшейки,Пина колада,MC Гранд,2.0,330,9,360,9.09,30,60.0,51.0,True
MC Гранд,Напитки ГРАНТ,Пульс АП,MC Гранд,5.0,120,9,130,8.33,10,50.0,42.5,True
MC Гранд,Напитки ГРАНТ,Газ вода 0.33,MC Гранд,6.0,90,9,100,11.11,10,60.0,51.0,True
MC Гранд,Чай 1л,Таежный,MC Гранд,2.0,250,9,270,8.0,20,40.0,34.0,True
MC Гранд,Авторский чай,Клюквенный с тимьяном,MC Гранд,1.0,390,9,430,10.26,40,40.0,34.0,True
MC Гранд,Милкшейки,Bounty,MC Гранд,1.0,380,9,410,7.89,30,30.0,25.5,True
MC Гранд,Милкшейки,M&MS,MC Гранд,1.0,380,9,410,7.89,30,30.0,25.5,True
MC Гранд,Авторский чай,Ромашковый с медовым персиком,MC Гранд,1.0,350,9,380,8.57,30,30.0,25.5,True
MC Гранд,Напитки ГРАНТ,Ла Коста,MC Гранд,2.0,150,9,160,6.67,10,20.0,17.0,True
MC Гранд,Лимонады,Электро-Колада,MC Гранд,1.0,290,9,320,10.34,30,30.0,25.5,True
MC Гранд,Лимонады,Тропический,MC Гранд,1.0,270,9,290,7.41,20,20.0,17.0,True
MC Гранд,Напитки ГРАНТ,Fresh Bar Cola,MC Гранд,3.0,80,9,90,12.5,10,30.0,25.5,True
MC Гранд,Кофе,Флэт Уайт,MC Гранд,1.0,190,9,210,10.53,20,20.0,17.0,True
MC Гранд,Напитки ГРАНТ,Чай пакетированный,MC Гранд,6.0,30,9,40,33.33,10,60.0,51.0,True
MC Гранд,Напитки ГРАНТ,Компот,MC Гранд,4.0,40,9,50,25.0,10,40.0,34.0,True
MC Гранд,Кофе,Эспрессо,MC Гранд,1.0,140,9,150,7.14,10,10.0,8.5,True
MC Гранд,Напитки ГРАНТ,Вода Черноголовка негаз 0.5л,MC Гранд,2.0,70,9,80,14.29,10,20.0,17.0,True
MC Гранд,Напитки ГРАНТ,Вулкан,MC Гранд,1.0,140,9,150,7.14,10,10.0,8.5,True
MC Гранд,Напитки ГРАНТ,Сок в стакане,MC Гранд,2.0,40,9,50,25.0,10,20.0,17.0,True
MC Гранд,Напитки ГРАНТ,Экспорт Стайл Кола 0.5л,MC Гранд,1.0,80,9,90,12.5,10,10.0,8.5,True
MC Гранд,Блюда и закуски,Паста карбонара,MC Гранд,48.0,370,10,410,10.81,40,1920.0,1632.0,True
MC Гранд,Салаты,Цезарь с курицей,MC Гранд,24.0,360,10,400,11.11,40,960.0,816.0,True
MC Гранд,Кофе,Капучино,MC Гранд,44.0,180,10,200,11.11,20,880.0,748.0,True
MC Гранд,Салаты,Цезарь с тигровыми креветками,MC Гранд,16.0,430,10,470,9.3,40,640.0,544.0,True
MC Гранд,Кофе,Американо,MC Гранд,40.0,150,10,160,6.67,10,400.0,340.0,True
MC Гранд,Завтраки,"Яичница-глазунья, тост с ветчиной и сыром, чай",MC Гранд,19.0,280,10,310,10.71,30,570.0,484.5,True
MC Гранд,Блюда и закуски,Паста фетучини с курицей и грибами,MC Гранд,12.0,420,10,460,9.52,40,480.0,408.0,True
MC Гранд,Пицца,Мясная,MC Гранд,6.0,800,10,900,12.5,100,600.0,510.0,True
MC Гранд,Кофе,Латте,MC Гранд,21.0,190,10,210,10.53,20,420.0,357.0,True
MC Гранд,Салаты,Греческий,MC Гранд,11.0,330,10,360,9.09,30,330.0,280.5,True
MC Гранд,Лимонады,Мохито,MC Гранд,12.0,300,10,330,10.0,30,360.0,306.0,True
MC Гранд,Авторский чай,Облепиховый с имбирем,MC Гранд,9.0,350,10,390,11.43,40,360.0,306.0,True
MC Гранд,Пицца,Хачапури по-аджарски,MC Гранд,6.0,500,10,550,10.0,50,300.0,255.0,True
MC Гранд,Салаты,Французский,MC Гранд,7.0,350,10,390,11.43,40,280.0,238.0,True
MC Гранд,Блюда и закуски,Нагетсы,MC Гранд,9.0,270,10,300,11.11,30,270.0,229.5,True
MC Гранд,Десерты,Чизкейк Фисташковый,MC Гранд,10.0,220,10,240,9.09,20,200.0,170.0,True
MC Гранд,Милкшейки,Ванильная жвачка,MC Гранд,6.0,320,10,350,9.38,30,180.0,153.0,True
MC Гранд,Милкшейки,Snickers,MC Гранд,5.0,380,10,420,10.53,40,200.0,170.0,True
MC Гранд,Лимонады,Апельсин-манго,MC Гранд,7.0,270,10,300,11.11,30,210.0,178.5,True
MC Гранд,Завтраки,"Омлет классический, тост с ветчиной, чай",MC Гранд,7.0,250,10,280,12.0,30,210.0,178.5,True
MC Гранд,Завтраки,"Сэндвич с курицей, беконом и свежими овощами",MC Гранд,7.0,250,10,280,12.0,30,210.0,178.5,True
MC Гранд,Завтраки,"Омлет с зеленью, сыром Моцарелла и черри, тост, чай",MC Гранд,6.0,280,10,310,10.71,30,180.0,153.0,True
MC Гранд,Кофе,Раф Лавандовый,MC Гранд,8.0,210,10,230,9.52,20,160.0,136.0,True
MC Гранд,Лимонады,Румба,MC Гранд,6.0,270,10,300,11.11,30,180.0,153.0,True
MC Гранд,Блюда и закуски,Картофель фри,MC Гранд,8.0,200,10,220,10.0,20,160.0,136.0,True
MC Гранд,Пицца,Пепперони,MC Гранд,2.0,750,10,850,13.33,100,200.0,170.0,True
MC Гранд,Пицца,Пицца Цыпленок Ранч,MC Гранд,2.0,750,10,850,13.33,100,200.0,170.0,True
MC Гранд,Десерты,Чизкейк Нью-Йорк,MC Гранд,7.0,210,10,230,9.52,20,140.0,119.0,True
MC Гранд,Десерты,Чизкейк Сникерс,MC Гранд,6.0,230,10,250,8.7,20,120.0,102.0,True
MC Гранд,Кофе,Горячий Шоколад,MC Гранд,7.0,180,10,200,11.11,20,140.0,119.0,True
MC Гранд,Блюда и закуски,Долма говядиной,MC Гранд,5.0,250,10,280,12.0,30,150.0,127.5,True
MC Гранд,Чай 1л,Грезы султана,MC Гранд,5.0,250,10,280,12.0,30,150.0,127.5,True
MC Гранд,Чай 1л,Лимонник,MC Гранд,5.0,250,10,280,12.0,30,150.0,127.5,True
MC Гранд,Завтраки,"Сэндвич с ветчиной, сыром и свежими овощами",MC Гранд,5.0,220,10,240,9.09,20,100.0,85.0,True
MC Гранд,Блюда и закуски,Онигири со снежным крабом,MC Гранд,6.0,180,10,200,11.11,20,120.0,102.0,True
MC Гранд,Кофе,Раф Bubble gum,MC Гранд,4.0,210,10,230,9.52,20,80.0,68.0,True
MC Гранд,Чай 1л,Глинтвейн,MC Гранд,2.0,420,10,460,9.52,40,80.0,68.0,True
MC Гранд,Лимонады,Клубничная-жвачка,MC Гранд,3.0,250,10,280,12.0,30,90.0,76.5,True
MC Гранд,Напитки ГРАНТ,Мэйсон,MC Гранд,4.0,170,10,190,11.76,20,80.0,68.0,True
MC Гранд,Милкшейки,Пина колада,MC Гранд,2.0,330,10,360,9.09,30,60.0,51.0,True
MC Гранд,Напитки ГРАНТ,Пульс АП,MC Гранд,5.0,120,10,130,8.33,10,50.0,42.5,True
MC Гранд,Напитки ГРАНТ,Газ вода 0.33,MC Гранд,6.0,90,10,100,11.11,10,60.0,51.0,True
MC Гранд,Чай 1л,Таежный,MC Гранд,2.0,250,10,280,12.0,30,60.0,51.0,True
MC Гранд,Авторский чай,Клюквенный с тимьяном,MC Гранд,1.0,390,10,430,10.26,40,40.0,34.0,True
MC Гранд,Милкшейки,Bounty,MC Гранд,1.0,380,10,420,10.53,40,40.0,34.0,True
MC Гранд,Милкшейки,M&MS,MC Гранд,1.0,380,10,420,10.53,40,40.0,34.0,True
MC Гранд,Авторский чай,Ромашковый с медовым персиком,MC Гранд,1.0,350,10,390,11.43,40,40.0,34.0,True
MC Гранд,Напитки ГРАНТ,Ла Коста,MC Гранд,2.0,150,10,160,6.67,10,20.0,17.0,True
MC Гранд,Лимонады,Электро-Колада,MC Гранд,1.0,290,10,320,10.34,30,30.0,25.5,True
MC Гранд,Лимонады,Тропический,MC Гранд,1.0,270,10,300,11.11,30,30.0,25.5,True
MC Гранд,Напитки ГРАНТ,Fresh Bar Cola,MC Гранд,3.0,80,10,90,12.5,10,30.0,25.5,True
MC Гранд,Кофе,Флэт Уайт,MC Гранд,1.0,190,10,210,10.53,20,20.0,17.0,True
MC Гранд,Напитки ГРАНТ,Чай пакетированный,MC Гранд,6.0,30,10,40,33.33,10,60.0,51.0,True
MC Гранд,Напитки ГРАНТ,Компот,MC Гранд,4.0,40,10,50,25.0,10,40.0,34.0,True
MC Гранд,Кофе,Эспрессо,MC Гранд,1.0,140,10,150,7.14,10,10.0,8.5,True
MC Гранд,Напитки ГРАНТ,Вода Черноголовка негаз 0.5л,MC Гранд,2.0,70,10,80,14.29,10,20.0,17.0,True
MC Гранд,Напитки ГРАНТ,Вулкан,MC Гранд,1.0,140,10,150,7.14,10,10.0,8.5,True
MC Гранд,Напитки ГРАНТ,Сок в стакане,MC Гранд,2.0,40,10,50,25.0,10,20.0,17.0,True
MC Гранд,Напитки ГРАНТ,Экспорт Стайл Кола 0.5л,MC Гранд,1.0,80,10,90,12.5,10,10.0,8.5,True
